101,4,11,"獅子【】","獅子奮迅・・・猛烈な様","2022-11-7 10:00:00.000000","2022-11-7 10:00:00.000000"
102,5,11,"猛烈な様","獅子奮迅（ししふんじん）","2022-11-7 10:00:00.000000","2022-11-7 10:00:00.000000"
103,4,11,"輪廻【】","輪廻転生・・・生まれ変わって生死を繰り返すこと","2022-11-7 10:00:00.000000","2022-11-7 10:00:00.000000"
104,4,11,"【】転生","輪廻転生・・・生まれ変わって生死を繰り返すこと","2022-11-7 10:00:00.000000","2022-11-7 10:00:00.000000"
105,5,11,"生まれ変わって生死を繰り返すこと","輪廻転生（りんねてんしょう）","2022-11-7 10:00:00.000000","2022-11-7 10:00:00.000000"
106,4,11,"【】昇天","旭日昇天・・・勢いが盛んなこと","2022-11-7 10:00:00.000000","2022-11-7 10:00:00.000000"
107,4,11,"旭日【】","旭日昇天・・・勢いが盛んなこと","2022-11-7 10:00:00.000000","2022-11-7 10:00:00.000000"
108,5,11,"勢いが盛んなこと","旭日昇天（きょくじつしょうてん）","2022-11-7 10:00:00.000000","2022-11-7 10:00:00.000000"
109,4,11,"【】走牛","蚊虻走牛・・・小さいことが大事件につながること","2022-11-7 10:00:00.000000","2022-11-7 10:00:00.000000"
110,4,11,"蚊虻【】","蚊虻走牛・・・小さいことが大事件につながること","2022-11-7 10:00:00.000000","2022-11-7 10:00:00.000000"
111,5,11,"小さいことが大事件につながること","蚊虻走牛（ぶんぼうそうぎゅう）","2022-11-7 10:00:00.000000","2022-11-7 10:00:00.000000"
112,4,11,"【】妖怪","狐狸妖怪・・・化け物、悪者","2022-11-7 10:00:00.000000","2022-11-7 10:00:00.000000"
113,4,11,"狐狸【】","狐狸妖怪・・・化け物、悪者","2022-11-7 10:00:00.000000","2022-11-7 10:00:00.000000"
114,5,11,"化け物、悪者","狐狸妖怪（こりようかい）","2022-11-7 10:00:00.000000","2022-11-7 10:00:00.000000"
115,4,11,"【】撞着","自家撞着・・・自身の言動が矛盾していること","2022-11-7 10:00:00.000000","2022-11-7 10:00:00.000000"
116,4,11,"自家【】","自家撞着・・・自身の言動が矛盾していること","2022-11-7 10:00:00.000000","2022-11-7 10:00:00.000000"
117,5,11,"自身の言動が矛盾していること","自家撞着（じかどうちゃく）","2022-11-7 10:00:00.000000","2022-11-7 10:00:00.000000"
118,4,11,"【】遼遠","前途遼遠・・・道のりが遠いこと","2022-11-7 10:00:00.000000","2022-11-7 10:00:00.000000"
119,4,11,"前途【】","前途遼遠・・・道のりが遠いこと","2022-11-7 10:00:00.000000","2022-11-7 10:00:00.000000"
120,5,11,"道のりが遠いこと","前途遼遠（ぜんとりょうえん）","2022-11-7 10:00:00.000000","2022-11-7 10:00:00.000000"
121,6,11,"頑丈　⇔",,"2022-11-7 10:00:00.000000","2022-11-7 10:00:00.000000"
122,6,11,"進取　⇔","進取・・・進んで取り組むこと","2022-11-7 10:00:00.000000","2022-11-7 10:00:00.000000"
123,6,11,"緊張　⇔",,"2022-11-7 10:00:00.000000","2022-11-7 10:00:00.000000"
124,6,11,"中枢　⇔",,"2022-11-7 10:00:00.000000","2022-11-7 10:00:00.000000"
125,6,11,"憂慮　⇔",,"2022-11-7 10:00:00.000000","2022-11-7 10:00:00.000000"
126,6,11,"経緯　＝",,"2022-11-7 10:00:00.000000","2022-11-7 10:00:00.000000"
127,6,11,"遭遇　＝",,"2022-11-7 10:00:00.000000","2022-11-7 10:00:00.000000"
128,6,11,"固執　＝",,"2022-11-7 10:00:00.000000","2022-11-7 10:00:00.000000"
129,6,11,"誘発　＝",,"2022-11-7 10:00:00.000000","2022-11-7 10:00:00.000000"
130,6,11,"選出　＝",,"2022-11-7 10:00:00.000000","2022-11-7 10:00:00.000000"
131,6,11,"得度　⇔","得度・・・僧侶になること","2022-11-7 10:00:00.000000","2022-11-7 10:00:00.000000"
132,6,11,"停頓　⇔",,"2022-11-7 10:00:00.000000","2022-11-7 10:00:00.000000"
133,6,11,"凝視　⇔",,"2022-11-7 10:00:00.000000","2022-11-7 10:00:00.000000"
134,6,11,"尊崇　⇔",,"2022-11-7 10:00:00.000000","2022-11-7 10:00:00.000000"
135,6,11,"繁栄　⇔",,"2022-11-7 10:00:00.000000","2022-11-7 10:00:00.000000"
136,6,11,"出版　＝",,"2022-11-7 10:00:00.000000","2022-11-7 10:00:00.000000"
137,6,11,"滞在　＝",,"2022-11-7 10:00:00.000000","2022-11-7 10:00:00.000000"
138,6,11,"軽率　＝",,"2022-11-7 10:00:00.000000","2022-11-7 10:00:00.000000"
139,6,11,"朝暮　＝","朝暮・・・朝と晩。朝晩の区別なく、いつも","2022-11-7 10:00:00.000000","2022-11-7 10:00:00.000000"
140,6,11,"碇泊　＝",,"2022-11-7 10:00:00.000000","2022-11-7 10:00:00.000000"
141,7,11,"【センダン】は双葉より芳し","大成する人は幼少の時からすぐれていることのたとえ","2022-11-7 10:00:00.000000","2022-11-7 10:00:00.000000"
142,7,11,"【エンオウ】の契り",,"2022-11-7 10:00:00.000000","2022-11-7 10:00:00.000000"
143,7,11,"天網【カイカイ】疎にして漏らさず",,"2022-11-7 10:00:00.000000","2022-11-7 10:00:00.000000"
144,7,11,"元の【サヤ】に収まる",,"2022-11-7 10:00:00.000000","2022-11-7 10:00:00.000000"
145,7,11,"【テップ】の急","差し迫った危機のこと","2022-11-7 10:00:00.000000","2022-11-7 10:00:00.000000"
146,7,11,"【コウゼン】の気を養う","沸き起こる道徳的エネルギーに満ちた心持になること","2022-11-7 10:00:00.000000","2022-11-7 10:00:00.000000"
147,7,11,"命長ければ【ホウライ】を見る","長生きしていれば思わぬ幸運があること","2022-11-7 10:00:00.000000","2022-11-7 10:00:00.000000"
148,7,11,"【ホウオウ】群鶏と食を争わず","孤高で超越していることのたとえ","2022-11-7 10:00:00.000000","2022-11-7 10:00:00.000000"
149,7,11,"身から出た【サビ】",,"2022-11-7 10:00:00.000000","2022-11-7 10:00:00.000000"
150,7,11,"【キョウボク】は風に折らる","目立つ存在は周囲からの攻撃を受けやすいこと","2022-11-7 10:00:00.000000","2022-11-7 10:00:00.000000"
151,1,11,"【絢飾】な様に驚いた","絢飾・・・美しく飾ること","2022-11-7 10:00:00.000000","2022-11-7 10:00:00.000000"
152,1,11,"【蔚蔚】とした森に迷い込んだ","蔚蔚・・・草木が生い茂っていること、鬱々","2022-11-7 10:00:00.000000","2022-11-7 10:00:00.000000"
153,1,11,"他人の【云為】をあげつらう","云為・・・言葉と行為","2022-11-7 10:00:00.000000","2022-11-7 10:00:00.000000"
154,1,11,"久しぶりに【甥姪】に会った",,"2022-11-7 10:00:00.000000","2022-11-7 10:00:00.000000"
155,1,11,"【荻花】を摘む",,"2022-11-7 10:00:00.000000","2022-11-7 10:00:00.000000"
156,1,11,"【禾穂】が頭を垂れる","禾穂・・・稲の穂","2022-11-7 10:00:00.000000","2022-11-7 10:00:00.000000"
157,1,11,"夏になり【赫灼】とした日差しの日が続く",,"2022-11-7 10:00:00.000000","2022-11-7 10:00:00.000000"
158,1,11,"先生を【茅屋】に招いた","茅屋・・・自分の家をへりくだって言う言葉","2022-11-7 10:00:00.000000","2022-11-7 10:00:00.000000"
159,1,11,"心の中の【澱】を吐き出した",,"2022-11-7 10:00:00.000000","2022-11-7 10:00:00.000000"
160,1,11,"山の【硲】に人家があった","硲・・・谷あい","2022-11-7 10:00:00.000000","2022-11-7 10:00:00.000000"
161,1,11,"【鴫】が飛び立った",,"2022-11-7 10:00:00.000000","2022-11-7 10:00:00.000000"
162,1,11,"【鑓】の手入れをする",,"2022-11-7 10:00:00.000000","2022-11-7 10:00:00.000000"
163,1,11,"不安に【苛】まれる",,"2022-11-7 10:00:00.000000","2022-11-7 10:00:00.000000"
164,1,11,"世間の【柵】に苦しむ",,"2022-11-7 10:00:00.000000","2022-11-7 10:00:00.000000"
165,1,11,"客人を【饗】した",,"2022-11-7 10:00:00.000000","2022-11-7 10:00:00.000000"
166,1,11,"【艮】の方角","艮・・・北東の方角","2022-11-7 10:00:00.000000","2022-11-7 10:00:00.000000"
167,1,11,"【蔀】を上げる","蔀・・・格子付きの板戸","2022-11-7 10:00:00.000000","2022-11-7 10:00:00.000000"
168,1,11,"【鐙】に足を掛ける",,"2022-11-7 10:00:00.000000","2022-11-7 10:00:00.000000"
169,1,11,"他人を【誹る】",,"2022-11-7 10:00:00.000000","2022-11-7 10:00:00.000000"
170,1,11,"脱穀して【籾】を分離した",,"2022-11-7 10:00:00.000000","2022-11-7 10:00:00.000000"
171,2,11,"暮れ【泥む】空を見つめた","泥む・・・とどこおる","2022-11-7 10:00:00.000000","2022-11-7 10:00:00.000000"
172,2,11,"両者の間に【凝り】が残った","凝り・・・わだかまり","2022-11-7 10:00:00.000000","2022-11-7 10:00:00.000000"
173,2,11,"国を【掌る】",,"2022-11-7 10:00:00.000000","2022-11-7 10:00:00.000000"
174,2,11,"【殿】をつとめる","殿・・・最後尾","2022-11-7 10:00:00.000000","2022-11-7 10:00:00.000000"
175,2,11,"国政に【与る】",,"2022-11-7 10:00:00.000000","2022-11-7 10:00:00.000000"
176,2,11,"どちらの意見にも【与】しない",,"2022-11-7 10:00:00.000000","2022-11-7 10:00:00.000000"
177,2,11,"相手を【慮る】",,"2022-11-7 10:00:00.000000","2022-11-7 10:00:00.000000"
178,2,11,"数か国語を【熟す】","熟す・・・自在に使える","2022-11-7 10:00:00.000000","2022-11-7 10:00:00.000000"
179,2,11,"彼は八十に【垂】とする","垂と・・・まさになろうと","2022-11-7 10:00:00.000000","2022-11-7 10:00:00.000000"
180,2,11,"欠点を【論う】",,"2022-11-7 10:00:00.000000","2022-11-7 10:00:00.000000"
181,3,11,"【かいさい】を叫ぶ",,"2022-11-7 10:00:00.000000","2022-11-7 10:00:00.000000"
182,3,11,"就職先を【てんびん】にかける",,"2022-11-7 10:00:00.000000","2022-11-7 10:00:00.000000"
183,3,11,"情報が【さくそう】している",,"2022-11-7 10:00:00.000000","2022-11-7 10:00:00.000000"
184,3,11,"【かまぼこ】を購入した",,"2022-11-7 10:00:00.000000","2022-11-7 10:00:00.000000"
185,3,11,"【かんきつ】系の香り",,"2022-11-7 10:00:00.000000","2022-11-7 10:00:00.000000"
186,3,11,"年をとって【ひが】みっぽくなった",,"2022-11-7 10:00:00.000000","2022-11-7 10:00:00.000000"
187,3,11,"煙を吸って【せ】きこんだ",,"2022-11-7 10:00:00.000000","2022-11-7 10:00:00.000000"
188,3,11,"何をするのも【おっくう】だ",,"2022-11-7 10:00:00.000000","2022-11-7 10:00:00.000000"
189,3,11,"【きぜん】とした態度をとる",,"2022-11-7 10:00:00.000000","2022-11-7 10:00:00.000000"
190,3,11,"困難に【ひるむ】ことなく立ち向かう",,"2022-11-7 10:00:00.000000","2022-11-7 10:00:00.000000"
191,3,11,"列強に【ご】して戦う",,"2022-11-7 10:00:00.000000","2022-11-7 10:00:00.000000"
192,3,11,"泉が【わ】く",,"2022-11-7 10:00:00.000000","2022-11-7 10:00:00.000000"
193,3,11,"【こんぺき】の空の下",,"2022-11-7 10:00:00.000000","2022-11-7 10:00:00.000000"
194,3,11,"満面の笑みを【たた】える",,"2022-11-7 10:00:00.000000","2022-11-7 10:00:00.000000"
195,3,11,"【さんぜん】と輝く",,"2022-11-7 10:00:00.000000","2022-11-7 10:00:00.000000"
196,3,11,"【もろ】くも崩れ去った",,"2022-11-7 10:00:00.000000","2022-11-7 10:00:00.000000"
197,3,11,"鳥が米粒を【ついば】む",,"2022-11-7 10:00:00.000000","2022-11-7 10:00:00.000000"
198,3,11,"【たんぱく】質を摂取する",,"2022-11-7 10:00:00.000000","2022-11-7 10:00:00.000000"
199,3,11,"【つくだに】を作った",,"2022-11-7 10:00:00.000000","2022-11-7 10:00:00.000000"
200,3,11,"天井が【すす】けた",,"2022-11-7 10:00:00.000000","2022-11-7 10:00:00.000000"
201,4,11,"【】落雁","沈魚落雁・・・絶世の美女のこと","2022-11-7 10:00:00.000000","2022-11-7 10:00:00.000000"
202,4,11,"沈魚【】","沈魚落雁・・・絶世の美女のこと","2022-11-7 10:00:00.000000","2022-11-7 10:00:00.000000"
203,5,11,"絶世の美女のこと","沈魚落雁（ちんぎょらくがん）","2022-11-7 10:00:00.000000","2022-11-7 10:00:00.000000"
204,4,11,"【】坑儒","焚書坑儒・・・学問・思想を弾圧すること","2022-11-7 10:00:00.000000","2022-11-7 10:00:00.000000"
205,4,11,"焚書【】","焚書坑儒・・・学問・思想を弾圧すること","2022-11-7 10:00:00.000000","2022-11-7 10:00:00.000000"
206,5,11,"学問・思想を弾圧すること","焚書坑儒（ふんしょこうじゅ）","2022-11-7 10:00:00.000000","2022-11-7 10:00:00.000000"
207,4,11,"【】夢幻","泡沫夢幻・・・儚いことのたとえ","2022-11-7 10:00:00.000000","2022-11-7 10:00:00.000000"
208,4,11,"泡沫【】","泡沫夢幻・・・儚いことのたとえ","2022-11-7 10:00:00.000000","2022-11-7 10:00:00.000000"
209,5,11,"儚いことのたとえ","泡沫夢幻（ほうまつむげん）","2022-11-7 10:00:00.000000","2022-11-7 10:00:00.000000"
210,4,11,"【】叫喚","阿鼻叫喚・・・甚だしい惨状のこと","2022-11-7 10:00:00.000000","2022-11-7 10:00:00.000000"
211,4,11,"阿鼻【】","阿鼻叫喚・・・甚だしい惨状のこと","2022-11-7 10:00:00.000000","2022-11-7 10:00:00.000000"
212,5,11,"甚だしい惨状のこと","阿鼻叫喚（あびきょうかん）","2022-11-7 10:00:00.000000","2022-11-7 10:00:00.000000"
213,4,11,"【】嘗胆","臥薪嘗胆・・・仇をはらそうと長く苦労を重ねること","2022-11-7 10:00:00.000000","2022-11-7 10:00:00.000000"
214,4,11,"臥薪【】","臥薪嘗胆・・・仇をはらそうと長く苦労を重ねること","2022-11-7 10:00:00.000000","2022-11-7 10:00:00.000000"
215,5,11,"仇をはらそうと長く苦労を重ねること","臥薪嘗胆（がしんしょうたん）","2022-11-7 10:00:00.000000","2022-11-7 10:00:00.000000"
216,4,11,"【】喪志","玩物喪志・・・無用のものに熱中して大切な志を失うこと","2022-11-7 10:00:00.000000","2022-11-7 10:00:00.000000"
217,4,11,"玩物【】","玩物喪志・・・無用のものに熱中して大切な志を失うこと","2022-11-7 10:00:00.000000","2022-11-7 10:00:00.000000"
218,5,11,"無用のものに熱中して大切な志を失うこと","玩物喪志（がんぶつそうし）","2022-11-7 10:00:00.000000","2022-11-7 10:00:00.000000"
219,4,11,"【】一閃","紫電一閃・・・急激な変化のこと","2022-11-7 10:00:00.000000","2022-11-7 10:00:00.000000"
220,4,11,"紫電【】","紫電一閃・・・急激な変化のこと","2022-11-7 10:00:00.000000","2022-11-7 10:00:00.000000"
221,5,11,"急激な変化のこと","紫電一閃（しでんいっせん）","2022-11-7 10:00:00.000000","2022-11-7 10:00:00.000000"
222,4,11,"【】狼狽","周章狼狽・・・慌てふためくこと","2022-11-7 10:00:00.000000","2022-11-7 10:00:00.000000"
223,4,11,"周章【】","周章狼狽・・・慌てふためくこと","2022-11-7 10:00:00.000000","2022-11-7 10:00:00.000000"
224,5,11,"慌てふためくこと","周章狼狽（しゅうしょうろうばい）","2022-11-7 10:00:00.000000","2022-11-7 10:00:00.000000"
225,4,11,"【】燕石","魚目燕石・・・紛らわしい偽物","2022-11-7 10:00:00.000000","2022-11-7 10:00:00.000000"
226,4,11,"魚目【】","魚目燕石・・・紛らわしい偽物","2022-11-7 10:00:00.000000","2022-11-7 10:00:00.000000"
227,5,11,"紛らわしい偽物","魚目燕石（ぎょもくえんせき）","2022-11-7 10:00:00.000000","2022-11-7 10:00:00.000000"
228,4,11,"【】阿世","曲学阿世・・・学をまげて権力などに阿ること","2022-11-7 10:00:00.000000","2022-11-7 10:00:00.000000"
229,4,11,"曲学【】","曲学阿世・・・学をまげて権力などに阿ること","2022-11-7 10:00:00.000000","2022-11-7 10:00:00.000000"
230,5,11,"学をまげて権力などに阿ること","曲学阿世（きょくがくあせい）","2022-11-7 10:00:00.000000","2022-11-7 10:00:00.000000"
231,6,11,"険阻　⇔",,"2022-11-7 10:00:00.000000","2022-11-7 10:00:00.000000"
232,6,11,"枯渇　⇔",,"2022-11-7 10:00:00.000000","2022-11-7 10:00:00.000000"
233,6,11,"明朗　⇔",,"2022-11-7 10:00:00.000000","2022-11-7 10:00:00.000000"
234,6,11,"平明　⇔",,"2022-11-7 10:00:00.000000","2022-11-7 10:00:00.000000"
235,6,11,"聡慧　⇔",,"2022-11-7 10:00:00.000000","2022-11-7 10:00:00.000000"
236,6,11,"秩序　⇔",,"2022-11-7 10:00:00.000000","2022-11-7 10:00:00.000000"
237,6,11,"旧套　⇔",,"2022-11-7 10:00:00.000000","2022-11-7 10:00:00.000000"
238,6,11,"露出　⇔",,"2022-11-7 10:00:00.000000","2022-11-7 10:00:00.000000"
239,6,11,"快諾　⇔",,"2022-11-7 10:00:00.000000","2022-11-7 10:00:00.000000"
240,6,11,"付与　⇔",,"2022-11-7 10:00:00.000000","2022-11-7 10:00:00.000000"
241,6,11,"終身　＝",,"2022-11-7 10:00:00.000000","2022-11-7 10:00:00.000000"
242,6,11,"空前　＝",,"2022-11-7 10:00:00.000000","2022-11-7 10:00:00.000000"
243,6,11,"世話　＝",,"2022-11-7 10:00:00.000000","2022-11-7 10:00:00.000000"
244,6,11,"台所　＝",,"2022-11-7 10:00:00.000000","2022-11-7 10:00:00.000000"
245,6,11,"腹心　＝",,"2022-11-7 10:00:00.000000","2022-11-7 10:00:00.000000"
246,6,11,"横行　＝",,"2022-11-7 10:00:00.000000","2022-11-7 10:00:00.000000"
247,6,11,"退屈　＝",,"2022-11-7 10:00:00.000000","2022-11-7 10:00:00.000000"
248,6,11,"虚実　＝",,"2022-11-7 10:00:00.000000","2022-11-7 10:00:00.000000"
249,6,11,"退却　＝",,"2022-11-7 10:00:00.000000","2022-11-7 10:00:00.000000"
250,6,11,"頑丈　＝",,"2022-11-7 10:00:00.000000","2022-11-7 10:00:00.000000"
251,7,11,"昔取った【キネヅカ】",,"2022-11-7 10:00:00.000000","2022-11-7 10:00:00.000000"
252,7,11,"身から出た【サビ】",,"2022-11-7 10:00:00.000000","2022-11-7 10:00:00.000000"
253,7,11,"【セイコク】を射る",,"2022-11-7 10:00:00.000000","2022-11-7 10:00:00.000000"
254,7,11,"尋常の溝には【ドンシュウ】の魚なし",,"2022-11-7 10:00:00.000000","2022-11-7 10:00:00.000000"
255,7,11,"【イソギワ】で船を破る",,"2022-11-7 10:00:00.000000","2022-11-7 10:00:00.000000"
256,7,11,"【カデン】に履を納れず",,"2022-11-7 10:00:00.000000","2022-11-7 10:00:00.000000"
257,7,11,"開いた口へ【ボタモチ】",,"2022-11-7 10:00:00.000000","2022-11-7 10:00:00.000000"
258,7,11,"【カセイ】はトラよりも猛し",,"2022-11-7 10:00:00.000000","2022-11-7 10:00:00.000000"
259,7,11,"洛陽の【シカ】を高める",,"2022-11-7 10:00:00.000000","2022-11-7 10:00:00.000000"
260,7,11,"【ケサ】と衣は心に着よ",,"2022-11-7 10:00:00.000000","2022-11-7 10:00:00.000000"
261,7,11,"【ケンカ】両成敗",,"2022-11-7 10:00:00.000000","2022-11-7 10:00:00.000000"
262,7,11,"家貧しくして【コウシ】顕れ、世乱れて中心を識る",,"2022-11-7 10:00:00.000000","2022-11-7 10:00:00.000000"
263,7,11,"理屈と【コウヤク】はどこにでもつく",,"2022-11-7 10:00:00.000000","2022-11-7 10:00:00.000000"
264,7,11,"人間万事【サイオウ】が馬",,"2022-11-7 10:00:00.000000","2022-11-7 10:00:00.000000"
265,7,11,"【サギ】を烏と言いくるめる",,"2022-11-7 10:00:00.000000","2022-11-7 10:00:00.000000"
266,7,11,"【ソウコウ】の妻は堂より下さず",,"2022-11-7 10:00:00.000000","2022-11-7 10:00:00.000000"
267,7,11,"【ガベイ】飢えを充たさず",,"2022-11-7 10:00:00.000000","2022-11-7 10:00:00.000000"
268,7,11,"【シャカ】に宗旨無し",,"2022-11-7 10:00:00.000000","2022-11-7 10:00:00.000000"
269,7,11,"【シュツラン】の誉",,"2022-11-7 10:00:00.000000","2022-11-7 10:00:00.000000"
270,7,11,"一斑を見て【ゼンピョウ】と卜す",,"2022-11-7 10:00:00.000000","2022-11-7 10:00:00.000000"
271,1,11,"【屡】物忘れする",,"2022-11-7 10:00:00.000000","2022-11-7 10:00:00.000000"
272,1,11,"【堆】く土を盛る",,"2022-11-7 10:00:00.000000","2022-11-7 10:00:00.000000"
273,1,11,"志を【嘉】する",,"2022-11-7 10:00:00.000000","2022-11-7 10:00:00.000000"
274,1,11,"【樫】の木",,"2022-11-7 10:00:00.000000","2022-11-7 10:00:00.000000"
275,1,11,"【椛】が美しい",,"2022-11-7 10:00:00.000000","2022-11-7 10:00:00.000000"
276,1,11,"些末なことも【忽】せにしない",,"2022-11-7 10:00:00.000000","2022-11-7 10:00:00.000000"
277,1,11,"【翰墨】を用意する","翰墨・・・筆と墨","2022-11-7 10:00:00.000000","2022-11-7 10:00:00.000000"
278,1,11,"帽子に【徽章】をつける",,"2022-11-7 10:00:00.000000","2022-11-7 10:00:00.000000"
279,1,11,"【杵臼】の交わり","杵臼の交わり・・・身分や貧富の差を超えた交際","2022-11-7 10:00:00.000000","2022-11-7 10:00:00.000000"
280,1,11,"【弓箭】の手入れをする","弓箭・・・弓と矢","2022-11-7 10:00:00.000000","2022-11-7 10:00:00.000000"
281,1,11,"【牝牡】を判別する",,"2022-11-7 10:00:00.000000","2022-11-7 10:00:00.000000"
282,1,11,"鶴【九皐】に鳴き声天に聞こゆ","九皐・・・曲がりくねった深い沢","2022-11-7 10:00:00.000000","2022-11-7 10:00:00.000000"
283,1,11,"豪邸が【櫛比】している","櫛比・・・ぎっしり並んでいること","2022-11-7 10:00:00.000000","2022-11-7 10:00:00.000000"
284,1,11,"【祁寒】に耐える","祁寒・・・厳しい寒さのこと","2022-11-7 10:00:00.000000","2022-11-7 10:00:00.000000"
285,1,11,"さすがの【慧眼】だ",,"2022-11-7 10:00:00.000000","2022-11-7 10:00:00.000000"
286,1,11,"【庚申】塚を見つけた",,"2022-11-7 10:00:00.000000","2022-11-7 10:00:00.000000"
287,1,11,"【豪宕】な性格だ","豪宕・・・気持ちが大きいこと","2022-11-7 10:00:00.000000","2022-11-7 10:00:00.000000"
288,1,11,"【上巳】の節句","上巳・・・桃の節句","2022-11-7 10:00:00.000000","2022-11-7 10:00:00.000000"
289,1,11,"【翠黛】の風景","翠黛・・・緑にかすむ山の例え","2022-11-7 10:00:00.000000","2022-11-7 10:00:00.000000"
290,1,11,"ご【清穆】の段、お喜び申します","清穆・・・清く和やかなこと","2022-11-7 10:00:00.000000","2022-11-7 10:00:00.000000"
291,3,11,"【いはい】に手を合わせる",,"2022-11-7 10:00:00.000000","2022-11-7 10:00:00.000000"
292,3,11,"法律に【いはい】する",,"2022-11-7 10:00:00.000000","2022-11-7 10:00:00.000000"
293,3,11,"噂話を【う】飲みにする",,"2022-11-7 10:00:00.000000","2022-11-7 10:00:00.000000"
294,3,11,"【う】の花が香る",,"2022-11-7 10:00:00.000000","2022-11-7 10:00:00.000000"
295,3,11,"屋根を【ふ】く職人",,"2022-11-7 10:00:00.000000","2022-11-7 10:00:00.000000"
296,3,11,"【ひんし】の重症",,"2022-11-7 10:00:00.000000","2022-11-7 10:00:00.000000"
297,3,11,"晴海【ふとう】",,"2022-11-7 10:00:00.000000","2022-11-7 10:00:00.000000"
298,3,11,"お化けに【ふんそう】する",,"2022-11-7 10:00:00.000000","2022-11-7 10:00:00.000000"
299,3,11,"辞典を【へんさん】する",,"2022-11-7 10:00:00.000000","2022-11-7 10:00:00.000000"
300,3,11,"おお【ぼら】を吹く",,"2022-11-7 10:00:00.000000","2022-11-7 10:00:00.000000"
301,3,11,"犠牲者に【もくとう】を捧げる",,"2022-11-7 10:00:00.000000","2022-11-7 10:00:00.000000"
302,3,11,"【りゅうちょう】な英語を話す",,"2022-11-7 10:00:00.000000","2022-11-7 10:00:00.000000"
303,3,11,"【りんご】を収穫する",,"2022-11-7 10:00:00.000000","2022-11-7 10:00:00.000000"
304,3,11,"【いびつ】な形になった",,"2022-11-7 10:00:00.000000","2022-11-7 10:00:00.000000"
305,3,11,"【わに】の背中に乗る",,"2022-11-7 10:00:00.000000","2022-11-7 10:00:00.000000"
306,3,11,"敵を【かくらん】する",,"2022-11-7 10:00:00.000000","2022-11-7 10:00:00.000000"
307,3,11,"木の【へら】を作る",,"2022-11-7 10:00:00.000000","2022-11-7 10:00:00.000000"
308,3,11,"【あぜん】とした",,"2022-11-7 10:00:00.000000","2022-11-7 10:00:00.000000"
309,3,11,"社会の【ぼくたく】",,"2022-11-7 10:00:00.000000","2022-11-7 10:00:00.000000"
310,3,11,"要求を【いっしゅう】した",,"2022-11-7 10:00:00.000000","2022-11-7 10:00:00.000000"
311,4,11,"【】豹変","君子豹変・・・考えや態度をすぐに変えること","2022-11-7 10:00:00.000000","2022-11-7 10:00:00.000000"
312,4,11,"君子【】","君子豹変・・・考えや態度をすぐに変えること","2022-11-7 10:00:00.000000","2022-11-7 10:00:00.000000"
313,5,11,"考えや態度をすぐに変えること","君子豹変（くんしひょうへん）","2022-11-7 10:00:00.000000","2022-11-7 10:00:00.000000"
314,4,11,"【】狗盗","鶏鳴狗盗・・・下らない技能を持つ人のたとえ","2022-11-7 10:00:00.000000","2022-11-7 10:00:00.000000"
315,4,11,"鶏鳴【】","鶏鳴狗盗・・・下らない技能を持つ人のたとえ","2022-11-7 10:00:00.000000","2022-11-7 10:00:00.000000"
316,5,11,"下らない技能を持つひとのたとえ","鶏鳴狗盗（けいめいくとう）","2022-11-7 10:00:00.000000","2022-11-7 10:00:00.000000"
317,4,11,"【】乙駁","甲論乙駁・・・あれこれと論じ合い、意見がまとまらないこと","2022-11-7 10:00:00.000000","2022-11-7 10:00:00.000000"
318,4,11,"甲論【】","甲論乙駁・・・あれこれと論じ合い、意見がまとまらないこと","2022-11-7 10:00:00.000000","2022-11-7 10:00:00.000000"
319,5,11,"あれこれと論じ合い、意見がまとまらないこと","甲論乙駁（こうろんおつぱく）","2022-11-7 10:00:00.000000","2022-11-7 10:00:00.000000"
320,4,11,"【】自煎","膏火自煎・・・才能や財産が災いを招くこと","2022-11-7 10:00:00.000000","2022-11-7 10:00:00.000000"
321,4,11,"膏火【】","膏火自煎・・・才能や財産が災いを招くこと","2022-11-7 10:00:00.000000","2022-11-7 10:00:00.000000"
322,5,11,"才能や財産が災いを招くこと","膏火自煎（こうかじせん）","2022-11-7 10:00:00.000000","2022-11-7 10:00:00.000000"
323,4,11,"【】楚歌","四面楚歌・・・敵に囲まれて孤立無援の状況","2022-11-7 10:00:00.000000","2022-11-7 10:00:00.000000"
324,4,11,"四面【】","四面楚歌・・・敵に囲まれて孤立無援の状況","2022-11-7 10:00:00.000000","2022-11-7 10:00:00.000000"
325,5,11,"敵に囲まれて孤立無援の状況","四面楚歌（しめんそか）","2022-11-7 10:00:00.000000","2022-11-7 10:00:00.000000"
326,4,11,"【】怒濤","疾風怒濤・・・非常に困難な状況のこと","2022-11-7 10:00:00.000000","2022-11-7 10:00:00.000000"
327,4,11,"疾風【】","疾風怒濤・・・非常に困難な状況のこと","2022-11-7 10:00:00.000000","2022-11-7 10:00:00.000000"
328,5,11,"非常に困難な状況のこと","疾風怒濤（しっぷうどとう）","2022-11-7 10:00:00.000000","2022-11-7 10:00:00.000000"
329,4,11,"【】併吞","清濁併吞・・・善も悪もすべて受け入れること","2022-11-7 10:00:00.000000","2022-11-7 10:00:00.000000"
330,4,11,"清濁【】","清濁併吞・・・善も悪もすべて受け入れること","2022-11-7 10:00:00.000000","2022-11-7 10:00:00.000000"
331,5,11,"善も悪もすべて受け入れること","清濁併吞（せいだくへいどん）","2022-11-7 10:00:00.000000","2022-11-7 10:00:00.000000"
332,4,11,"【】空拳","赤手空拳・・・武器もなく立ち向かうこと","2022-11-7 10:00:00.000000","2022-11-7 10:00:00.000000"
333,4,11,"赤手【】","赤手空拳・・・武器もなく立ち向かうこと","2022-11-7 10:00:00.000000","2022-11-7 10:00:00.000000"
334,5,11,"武器もなく立ち向かうこと","赤手空拳（せきしゅくうけん）","2022-11-7 10:00:00.000000","2022-11-7 10:00:00.000000"
335,4,11,"【】美俗","醇風美俗・・・人情に厚く好ましい風俗・習慣","2022-11-7 10:00:00.000000","2022-11-7 10:00:00.000000"
336,4,11,"醇風【】","醇風美俗・・・人情に厚く好ましい風俗・習慣","2022-11-7 10:00:00.000000","2022-11-7 10:00:00.000000"
337,5,11,"人情に厚く好ましい風俗・習慣","醇風美俗（じゅんぷうびぞく）","2022-11-7 10:00:00.000000","2022-11-7 10:00:00.000000"
338,4,11,"【】纏綿","情緒纏綿・・・情緒深く心から離れないこと","2022-11-7 10:00:00.000000","2022-11-7 10:00:00.000000"
339,4,11,"情緒【】","情緒纏綿・・・情緒深く心から離れないこと","2022-11-7 10:00:00.000000","2022-11-7 10:00:00.000000"
340,5,11,"情緒深く、心から離れないこと","情緒纏綿（じょうちょてんめん）","2022-11-7 10:00:00.000000","2022-11-7 10:00:00.000000"
341,6,11,"払暁　⇔","払暁・・・明け方","2022-11-7 10:00:00.000000","2022-11-7 10:00:00.000000"
342,6,11,"永住　⇔",,"2022-11-7 10:00:00.000000","2022-11-7 10:00:00.000000"
343,6,11,"僅少　⇔",,"2022-11-7 10:00:00.000000","2022-11-7 10:00:00.000000"
344,6,11,"鮮明　⇔",,"2022-11-7 10:00:00.000000","2022-11-7 10:00:00.000000"
345,6,11,"起工　⇔",,"2022-11-7 10:00:00.000000","2022-11-7 10:00:00.000000"
346,6,11,"通暁　＝",,"2022-11-7 10:00:00.000000","2022-11-7 10:00:00.000000"
347,6,11,"大要　＝",,"2022-11-7 10:00:00.000000","2022-11-7 10:00:00.000000"
348,6,11,"苛烈　＝",,"2022-11-7 10:00:00.000000","2022-11-7 10:00:00.000000"
349,6,11,"調理　＝",,"2022-11-7 10:00:00.000000","2022-11-7 10:00:00.000000"
350,6,11,"復活　＝",,"2022-11-7 10:00:00.000000","2022-11-7 10:00:00.000000"
351,6,11,"遵奉　⇔",,"2022-11-7 10:00:00.000000","2022-11-7 10:00:00.000000"
352,6,11,"率直　⇔",,"2022-11-7 10:00:00.000000","2022-11-7 10:00:00.000000"
353,6,11,"豪胆　⇔",,"2022-11-7 10:00:00.000000","2022-11-7 10:00:00.000000"
354,6,11,"昏迷　⇔",,"2022-11-7 10:00:00.000000","2022-11-7 10:00:00.000000"
355,6,11,"坦夷　⇔",,"2022-11-7 10:00:00.000000","2022-11-7 10:00:00.000000"
356,6,11,"結局　＝",,"2022-11-7 10:00:00.000000","2022-11-7 10:00:00.000000"
357,6,11,"突如　＝",,"2022-11-7 10:00:00.000000","2022-11-7 10:00:00.000000"
358,6,11,"波及　＝",,"2022-11-7 10:00:00.000000","2022-11-7 10:00:00.000000"
359,6,11,"軽少　＝",,"2022-11-7 10:00:00.000000","2022-11-7 10:00:00.000000"
360,6,11,"工面　＝",,"2022-11-7 10:00:00.000000","2022-11-7 10:00:00.000000"
361,1,11,"市場参入の【尖兵】となる",,"2022-11-7 10:00:00.000000","2022-11-7 10:00:00.000000"
362,1,11,"【俗諺】を引用する",,"2022-11-7 10:00:00.000000","2022-11-7 10:00:00.000000"
363,1,11,"【樗材】の身ではございますが",,"2022-11-7 10:00:00.000000","2022-11-7 10:00:00.000000"
364,1,11,"危険な【急灘】",,"2022-11-7 10:00:00.000000","2022-11-7 10:00:00.000000"
365,1,11,"【欽慕】の念を抱く",,"2022-11-7 10:00:00.000000","2022-11-7 10:00:00.000000"
366,1,11,"【汀渚】にたたずむ",,"2022-11-7 10:00:00.000000","2022-11-7 10:00:00.000000"
367,1,11,"【這般】の事情により",,"2022-11-7 10:00:00.000000","2022-11-7 10:00:00.000000"
368,1,11,"上着の破れを【補綴】する",,"2022-11-7 10:00:00.000000","2022-11-7 10:00:00.000000"
369,1,11,"読みかけの本を【枕頭】に置いた",,"2022-11-7 10:00:00.000000","2022-11-7 10:00:00.000000"
370,1,11,"上質な【繭紬】を手に取った",,"2022-11-7 10:00:00.000000","2022-11-7 10:00:00.000000"
371,1,11,"【姪孫】の結婚式に出席する",,"2022-11-7 10:00:00.000000","2022-11-7 10:00:00.000000"
372,1,11,"【孜々】として勉学に励む",,"2022-11-7 10:00:00.000000","2022-11-7 10:00:00.000000"
373,1,11,"【優渥】な待遇を受ける",,"2022-11-7 10:00:00.000000","2022-11-7 10:00:00.000000"
374,1,11,"ひと【雫】の涙が零れ落ちる",,"2022-11-7 10:00:00.000000","2022-11-7 10:00:00.000000"
375,1,11,"【椙】の木を切る",,"2022-11-7 10:00:00.000000","2022-11-7 10:00:00.000000"
376,1,11,"【栂】の木材",,"2022-11-7 10:00:00.000000","2022-11-7 10:00:00.000000"
377,1,11,"【擢】んでた才能",,"2022-11-7 10:00:00.000000","2022-11-7 10:00:00.000000"
378,1,11,"矢を【矧】ぐ",,"2022-11-7 10:00:00.000000","2022-11-7 10:00:00.000000"
379,1,11,"短い【噺】で笑わせる",,"2022-11-7 10:00:00.000000","2022-11-7 10:00:00.000000"
380,1,11,"天を怨みず、人を【尤】めず",,"2022-11-7 10:00:00.000000","2022-11-7 10:00:00.000000"
381,2,11,"【件】の話ですが",,"2022-11-7 10:00:00.000000","2022-11-7 10:00:00.000000"
382,2,11,"夢か【現】か",,"2022-11-7 10:00:00.000000","2022-11-7 10:00:00.000000"
383,2,11,"【適】その場にいた",,"2022-11-7 10:00:00.000000","2022-11-7 10:00:00.000000"
384,2,11,"悲喜【交々】の人間模様",,"2022-11-7 10:00:00.000000","2022-11-7 10:00:00.000000"
385,2,11,"商才に【長】けている",,"2022-11-7 10:00:00.000000","2022-11-7 10:00:00.000000"
386,2,11,"国王に【謁】える",,"2022-11-7 10:00:00.000000","2022-11-7 10:00:00.000000"
387,2,11,"瓶の口が【括】れている",,"2022-11-7 10:00:00.000000","2022-11-7 10:00:00.000000"
388,2,11,"【憾】みをはらす",,"2022-11-7 10:00:00.000000","2022-11-7 10:00:00.000000"
389,2,11,"【頑】に拒み続けた",,"2022-11-7 10:00:00.000000","2022-11-7 10:00:00.000000"
390,2,11,"軍隊が【屯】している",,"2022-11-7 10:00:00.000000","2022-11-7 10:00:00.000000"
391,2,11,"【概】ね順調に進んだ",,"2022-11-7 10:00:00.000000","2022-11-7 10:00:00.000000"
392,2,11,"作品は【粗】完成した",,"2022-11-7 10:00:00.000000","2022-11-7 10:00:00.000000"
393,2,11,"風邪に【託】けて学校を休んだ",,"2022-11-7 10:00:00.000000","2022-11-7 10:00:00.000000"
394,2,11,"入口の傍に【碑】がある",,"2022-11-7 10:00:00.000000","2022-11-7 10:00:00.000000"
395,2,11,"【某】かの金を貰う",,"2022-11-7 10:00:00.000000","2022-11-7 10:00:00.000000"
396,2,11,"ライトで虫を【誘】きよせる",,"2022-11-7 10:00:00.000000","2022-11-7 10:00:00.000000"
397,2,11,"抜本的に【革】める",,"2022-11-7 10:00:00.000000","2022-11-7 10:00:00.000000"
398,2,11,"日夜勉学に【勤】しむ",,"2022-11-7 10:00:00.000000","2022-11-7 10:00:00.000000"
399,2,11,"恩師への手紙を【認】める",,"2022-11-7 10:00:00.000000","2022-11-7 10:00:00.000000"
400,2,11,"季節に【因】んで命名した",,"2022-11-7 10:00:00.000000","2022-11-7 10:00:00.000000"
401,3,11,"【おうせい】な食欲",,"2022-11-7 10:00:00.000000","2022-11-7 10:00:00.000000"
402,3,11,"【みけん】にしわを寄せる",,"2022-11-7 10:00:00.000000","2022-11-7 10:00:00.000000"
403,3,11,"経歴に【はく】が付く",,"2022-11-7 10:00:00.000000","2022-11-7 10:00:00.000000"
404,3,11,"肝臓の【がんしゅ】を摘出する",,"2022-11-7 10:00:00.000000","2022-11-7 10:00:00.000000"
405,3,11,"文意を【はそく】する",,"2022-11-7 10:00:00.000000","2022-11-7 10:00:00.000000"
406,3,11,"彼は【ゆうぎ】に厚い男だ",,"2022-11-7 10:00:00.000000","2022-11-7 10:00:00.000000"
407,3,11,"無事の知らせに【あんど】した",,"2022-11-7 10:00:00.000000","2022-11-7 10:00:00.000000"
408,3,11,"他の業者に【くらが】えするつもりだ",,"2022-11-7 10:00:00.000000","2022-11-7 10:00:00.000000"
409,3,11,"【ふすま】越しに声を掛けた",,"2022-11-7 10:00:00.000000","2022-11-7 10:00:00.000000"
410,3,11,"傷口が【かのう】してしまった",,"2022-11-7 10:00:00.000000","2022-11-7 10:00:00.000000"
411,3,11,"【うれ】しい知らせが届いた",,"2022-11-7 10:00:00.000000","2022-11-7 10:00:00.000000"
412,3,11,"【きまま】に過ごす",,"2022-11-7 10:00:00.000000","2022-11-7 10:00:00.000000"
413,3,11,"父の【げきりん】にふれた",,"2022-11-7 10:00:00.000000","2022-11-7 10:00:00.000000"
414,3,11,"【のこぎり】で木を切る",,"2022-11-7 10:00:00.000000","2022-11-7 10:00:00.000000"
415,3,11,"【ぐうい】的な話だ",,"2022-11-7 10:00:00.000000","2022-11-7 10:00:00.000000"
416,3,11,"【けいかく】がとれて丸くなった",,"2022-11-7 10:00:00.000000","2022-11-7 10:00:00.000000"
417,3,11,"固い守りに攻め【あぐ】む",,"2022-11-7 10:00:00.000000","2022-11-7 10:00:00.000000"
418,3,11,"家の敷居を【また】ぐな",,"2022-11-7 10:00:00.000000","2022-11-7 10:00:00.000000"
419,3,11,"家族を食べさせる【かいしょう】もない",,"2022-11-7 10:00:00.000000","2022-11-7 10:00:00.000000"
420,3,11,"【さんごしょう】を観察する",,"2022-11-7 10:00:00.000000","2022-11-7 10:00:00.000000"
421,4,11,"【】地祇","天神地祇・・・天地のすべての神々","2022-11-7 10:00:00.000000","2022-11-7 10:00:00.000000"
422,4,11,"天神【】","天神地祇・・・天地のすべての神々","2022-11-7 10:00:00.000000","2022-11-7 10:00:00.000000"
423,5,11,"天地のすべての神々","天神地祇（てんしんちぎ）","2022-11-7 10:00:00.000000","2022-11-7 10:00:00.000000"
424,4,11,"【】断機","孟母断機・・・物事を途中でやめてはいけないという戒め","2022-11-7 10:00:00.000000","2022-11-7 10:00:00.000000"
425,4,11,"孟母【】","孟母断機・・・物事を途中でやめてはいけないという戒め","2022-11-7 10:00:00.000000","2022-11-7 10:00:00.000000"
426,5,11,"物事を途中でやめてはいけないという戒め","孟母断機（もうぼだんき）","2022-11-7 10:00:00.000000","2022-11-7 10:00:00.000000"
427,4,11,"【】迎合","阿附迎合・・・相手に阿りへつらうこと","2022-11-7 10:00:00.000000","2022-11-7 10:00:00.000000"
428,4,11,"阿附【】","阿附迎合・・・相手に阿りへつらうこと","2022-11-7 10:00:00.000000","2022-11-7 10:00:00.000000"
429,5,11,"相手に阿りへつらうこと","阿附迎合（あふげいごう）","2022-11-7 10:00:00.000000","2022-11-7 10:00:00.000000"
430,4,11,"【】巷語","街談巷語・・・世間のいい加減な評判や噂","2022-11-7 10:00:00.000000","2022-11-7 10:00:00.000000"
431,4,11,"街談【】","街談巷語・・・世間のいい加減な評判や噂","2022-11-7 10:00:00.000000","2022-11-7 10:00:00.000000"
432,5,11,"世間のいい加減な評判や噂","街談巷語（がいだんこうご）","2022-11-7 10:00:00.000000","2022-11-7 10:00:00.000000"
433,4,11,"【】奄奄","気息奄奄・・・息も絶え絶えなさま","2022-11-7 10:00:00.000000","2022-11-7 10:00:00.000000"
434,4,11,"気息【】","気息奄奄・・・息も絶え絶えなさま","2022-11-7 10:00:00.000000","2022-11-7 10:00:00.000000"
435,5,11,"息も絶え絶えなさま","気息奄奄（きそくえんえん）","2022-11-7 10:00:00.000000","2022-11-7 10:00:00.000000"
436,4,11,"【】一律","千篇一律・・・変化が無く面白味が無い事","2022-11-7 10:00:00.000000","2022-11-7 10:00:00.000000"
437,4,11,"千篇【】","千篇一律・・・変化が無く面白味が無い事","2022-11-7 10:00:00.000000","2022-11-7 10:00:00.000000"
438,5,11,"変化が無く面白味が無いこと","千篇一律（せんぺんいちりつ）","2022-11-7 10:00:00.000000","2022-11-7 10:00:00.000000"
439,4,11,"【】瘦躯","長身瘦躯・・・背が高く痩せていること","2022-11-7 10:00:00.000000","2022-11-7 10:00:00.000000"
440,4,11,"長身【】","長身瘦躯・・・背が高く痩せていること","2022-11-7 10:00:00.000000","2022-11-7 10:00:00.000000"
441,5,11,"背が高く痩せていること","長身瘦躯（ちょうしんそうく）","2022-11-7 10:00:00.000000","2022-11-7 10:00:00.000000"
442,4,11,"【】塗説","道聴塗説・・・聞きかじった中途半端な話","2022-11-7 10:00:00.000000","2022-11-7 10:00:00.000000"
443,4,11,"道聴【】","道聴塗説・・・聞きかじった中途半端な話","2022-11-7 10:00:00.000000","2022-11-7 10:00:00.000000"
444,5,11,"聞きかじった中途半端な話","道聴塗説（どうちょうとせつ）","2022-11-7 10:00:00.000000","2022-11-7 10:00:00.000000"
445,4,11,"【】蓋世","抜山蓋世・・・威勢がよく元気なこと","2022-11-7 10:00:00.000000","2022-11-7 10:00:00.000000"
446,4,11,"抜山【】","抜山蓋世・・・威勢がよく元気なこと","2022-11-7 10:00:00.000000","2022-11-7 10:00:00.000000"
447,5,11,"威勢がよく元気なこと","抜山蓋世（ばつざんがいせい）","2022-11-7 10:00:00.000000","2022-11-7 10:00:00.000000"
448,4,11,"【】秀麗","眉目秀麗・・・美しく整った顔立ちのこと","2022-11-7 10:00:00.000000","2022-11-7 10:00:00.000000"
449,4,11,"眉目【】","眉目秀麗・・・美しく整った顔立ちのこと","2022-11-7 10:00:00.000000","2022-11-7 10:00:00.000000"
450,5,11,"美しく整った顔立ちのこと","眉目秀麗（びもくしゅうれい）","2022-11-7 10:00:00.000000","2022-11-7 10:00:00.000000"
451,6,11,"公平　⇔",,"2022-11-7 10:00:00.000000","2022-11-7 10:00:00.000000"
452,6,11,"貫徹　⇔",,"2022-11-7 10:00:00.000000","2022-11-7 10:00:00.000000"
453,6,11,"挽回　⇔",,"2022-11-7 10:00:00.000000","2022-11-7 10:00:00.000000"
454,6,11,"平穏　⇔",,"2022-11-7 10:00:00.000000","2022-11-7 10:00:00.000000"
455,6,11,"浅瀬　⇔",,"2022-11-7 10:00:00.000000","2022-11-7 10:00:00.000000"
456,6,11,"卓出　＝",,"2022-11-7 10:00:00.000000","2022-11-7 10:00:00.000000"
457,6,11,"逐電　＝",,"2022-11-7 10:00:00.000000","2022-11-7 10:00:00.000000"
458,6,11,"要諦　＝",,"2022-11-7 10:00:00.000000","2022-11-7 10:00:00.000000"
459,6,11,"奇怪　＝",,"2022-11-7 10:00:00.000000","2022-11-7 10:00:00.000000"
460,6,11,"未明　＝",,"2022-11-7 10:00:00.000000","2022-11-7 10:00:00.000000"
461,6,11,"暗愚　⇔",,"2022-11-7 10:00:00.000000","2022-11-7 10:00:00.000000"
462,6,11,"断行　⇔",,"2022-11-7 10:00:00.000000","2022-11-7 10:00:00.000000"
463,6,11,"諫言　⇔",,"2022-11-7 10:00:00.000000","2022-11-7 10:00:00.000000"
464,6,11,"会心　⇔",,"2022-11-7 10:00:00.000000","2022-11-7 10:00:00.000000"
465,6,11,"展開　⇔",,"2022-11-7 10:00:00.000000","2022-11-7 10:00:00.000000"
466,6,11,"難解　＝",,"2022-11-7 10:00:00.000000","2022-11-7 10:00:00.000000"
467,6,11,"鳳雛　＝",,"2022-11-7 10:00:00.000000","2022-11-7 10:00:00.000000"
468,6,11,"的中　＝",,"2022-11-7 10:00:00.000000","2022-11-7 10:00:00.000000"
469,6,11,"恐慌　＝",,"2022-11-7 10:00:00.000000","2022-11-7 10:00:00.000000"
470,6,11,"妙趣　＝",,"2022-11-7 10:00:00.000000","2022-11-7 10:00:00.000000"
471,7,11,"万緑【ソウチュウ】紅一点","男性ばかりの中に女性が一人いること","2022-11-7 10:00:00.000000","2022-11-7 10:00:00.000000"
472,7,11,"【ノレン】に腕押し",,"2022-11-7 10:00:00.000000","2022-11-7 10:00:00.000000"
473,7,11,"枯れ木も山の【ニギ】わい",,"2022-11-7 10:00:00.000000","2022-11-7 10:00:00.000000"
474,7,11,"一家は遠のく、【ノミ】は近寄る",,"2022-11-7 10:00:00.000000","2022-11-7 10:00:00.000000"
475,7,11,"【ヒョウタン】相容れず",,"2022-11-7 10:00:00.000000","2022-11-7 10:00:00.000000"
476,7,11,"親の欲目と他人の【ヒガメ】",,"2022-11-7 10:00:00.000000","2022-11-7 10:00:00.000000"
477,7,11,"朝菌は【カイサク】を知らず","短命の例え。朝菌（きのこ）は晦（みそか）も朔（ついたち）も知らないことから","2022-11-7 10:00:00.000000","2022-11-7 10:00:00.000000"
478,7,11,"【モウ】けぬ前の胸算用",,"2022-11-7 10:00:00.000000","2022-11-7 10:00:00.000000"
479,7,11,"【ウケ】に入る","運が向いて、良いことが続くこと","2022-11-7 10:00:00.000000","2022-11-7 10:00:00.000000"
480,7,11,"玉の【コシ】に乗る",,"2022-11-7 10:00:00.000000","2022-11-7 10:00:00.000000"
481,7,11,"重箱の隅を【ヨウジ】でほじくる",,"2022-11-7 10:00:00.000000","2022-11-7 10:00:00.000000"
482,7,11,"【オウム】は能く言えども飛鳥を離れず","口ばかりで行動が伴わないこと","2022-11-7 10:00:00.000000","2022-11-7 10:00:00.000000"
483,7,11,"【アメ】と鞭",,"2022-11-7 10:00:00.000000","2022-11-7 10:00:00.000000"
484,7,11,"秋刀魚が出ると【アンマ】が引っ込む",,"2022-11-7 10:00:00.000000","2022-11-7 10:00:00.000000"
485,7,11,"中流に舟を失えば【イッピョウ】も千金",,"2022-11-7 10:00:00.000000","2022-11-7 10:00:00.000000"
486,7,11,"珍客も長座に過ぎれば【イト】われる",,"2022-11-7 10:00:00.000000","2022-11-7 10:00:00.000000"
487,7,11,"【ブンボウ】牛羊を走らす",,"2022-11-7 10:00:00.000000","2022-11-7 10:00:00.000000"
488,7,11,"一擲【ケンコン】を賭す","運命をかけて、のるかそるかの勝負をすること","2022-11-7 10:00:00.000000","2022-11-7 10:00:00.000000"
489,7,11,"【キカ】居くべし","機会は上手く利用すべきという意味","2022-11-7 10:00:00.000000","2022-11-7 10:00:00.000000"
490,7,11,"千丈の杖も【ギケツ】より崩れる",,"2022-11-7 10:00:00.000000","2022-11-7 10:00:00.000000"
491,1,11,"嫌な予感が胸を【掠】めた",,"2022-11-7 10:00:00.000000","2022-11-7 10:00:00.000000"
492,1,11,"【迺】ち積し迺ち倉す",,"2022-11-7 10:00:00.000000","2022-11-7 10:00:00.000000"
493,1,11,"本番【宛】らの演技",,"2022-11-7 10:00:00.000000","2022-11-7 10:00:00.000000"
494,1,11,"【咽】び泣く",,"2022-11-7 10:00:00.000000","2022-11-7 10:00:00.000000"
495,1,11,"【呪】いを唱える",,"2022-11-7 10:00:00.000000","2022-11-7 10:00:00.000000"
496,1,11,"【遜】った表現",,"2022-11-7 10:00:00.000000","2022-11-7 10:00:00.000000"
497,1,11,"妻を【蔑】ろにする",,"2022-11-7 10:00:00.000000","2022-11-7 10:00:00.000000"
498,1,11,"【賂】いを受け取る",,"2022-11-7 10:00:00.000000","2022-11-7 10:00:00.000000"
499,1,11,"権力に【阿】る",,"2022-11-7 10:00:00.000000","2022-11-7 10:00:00.000000"
500,1,11,"【俄】には信じられない",,"2022-11-7 10:00:00.000000","2022-11-7 10:00:00.000000"
501,1,11,"【揖譲】の礼をする",,"2022-11-7 10:00:00.000000","2022-11-7 10:00:00.000000"
502,1,11,"一夜を【壺中】の点に飛ぶ",,"2022-11-7 10:00:00.000000","2022-11-7 10:00:00.000000"
503,1,11,"友の【鶯遷】を祝う",,"2022-11-7 10:00:00.000000","2022-11-7 10:00:00.000000"
504,1,11,"【夙夜】勉学に励む",,"2022-11-7 10:00:00.000000","2022-11-7 10:00:00.000000"
505,1,11,"【卜占】で吉凶を占う",,"2022-11-7 10:00:00.000000","2022-11-7 10:00:00.000000"
506,1,11,"【戎馬】を殺して狐狸を求む",,"2022-11-7 10:00:00.000000","2022-11-7 10:00:00.000000"
507,1,11,"【豊頬】の美人",,"2022-11-7 10:00:00.000000","2022-11-7 10:00:00.000000"
508,1,11,"美術品を【蒐集】する",,"2022-11-7 10:00:00.000000","2022-11-7 10:00:00.000000"
509,1,11,"【烹炊】の煙を上げる",,"2022-11-7 10:00:00.000000","2022-11-7 10:00:00.000000"
510,1,11,"【芝蘭】の室",,"2022-11-7 10:00:00.000000","2022-11-7 10:00:00.000000"
511,2,11,"場の雰囲気が【解】れてきた",,"2022-11-7 10:00:00.000000","2022-11-7 10:00:00.000000"
512,2,11,"土地を平らに【均】す",,"2022-11-7 10:00:00.000000","2022-11-7 10:00:00.000000"
513,2,11,"【態】と倒れる",,"2022-11-7 10:00:00.000000","2022-11-7 10:00:00.000000"
514,2,11,"我先にと【挙】って加わった",,"2022-11-7 10:00:00.000000","2022-11-7 10:00:00.000000"
515,2,11,"恐れ【戦】く",,"2022-11-7 10:00:00.000000","2022-11-7 10:00:00.000000"
516,2,11,"【約】めて言う",,"2022-11-7 10:00:00.000000","2022-11-7 10:00:00.000000"
517,2,11,"【動】もすると",,"2022-11-7 10:00:00.000000","2022-11-7 10:00:00.000000"
518,2,11,"手【遊】びの作品です",,"2022-11-7 10:00:00.000000","2022-11-7 10:00:00.000000"
519,2,11,"両雄相【見】える",,"2022-11-7 10:00:00.000000","2022-11-7 10:00:00.000000"
520,2,11,"自宅で【寛】ぐ",,"2022-11-7 10:00:00.000000","2022-11-7 10:00:00.000000"
521,2,11,"人生を旅に【擬】える",,"2022-11-7 10:00:00.000000","2022-11-7 10:00:00.000000"
522,2,11,"混乱の原因を【糾】す",,"2022-11-7 10:00:00.000000","2022-11-7 10:00:00.000000"
523,2,11,"主君の死に【殉】う",,"2022-11-7 10:00:00.000000","2022-11-7 10:00:00.000000"
524,2,11,"だれもが【斉】しく認める処だろう","斉しく・・・そろって","2022-11-7 10:00:00.000000","2022-11-7 10:00:00.000000"
525,2,11,"【罷】り間違えば死んでいた",,"2022-11-7 10:00:00.000000","2022-11-7 10:00:00.000000"
526,2,11,"【賢】しらな態度を取る",,"2022-11-7 10:00:00.000000","2022-11-7 10:00:00.000000"
527,2,11,"新年を【寿】ぐ",,"2022-11-7 10:00:00.000000","2022-11-7 10:00:00.000000"
528,2,11,"【焦】らすように、ゆっくりと動いた",,"2022-11-7 10:00:00.000000","2022-11-7 10:00:00.000000"
529,2,11,"原因を【審】らかにする",,"2022-11-7 10:00:00.000000","2022-11-7 10:00:00.000000"
530,2,11,"不運を【託】つ","託つ・・・愚痴や不平不満を言う","2022-11-7 10:00:00.000000","2022-11-7 10:00:00.000000"
531,3,11,"時刻は【しょこう】の頃でございます","初更・・・午後7時から9時","2022-11-7 10:00:00.000000","2022-11-7 10:00:00.000000"
532,3,11,"明るい【しょこう】を見た",,"2022-11-7 10:00:00.000000","2022-11-7 10:00:00.000000"
533,3,11,"【しし】に鞭打つ",,"2022-11-7 10:00:00.000000","2022-11-7 10:00:00.000000"
534,3,11,"【しし】として励む","孜々・・・熱心に努め励むさまのこと","2022-11-7 10:00:00.000000","2022-11-7 10:00:00.000000"
535,3,11,"蓑【かさ】をかぶる",,"2022-11-7 10:00:00.000000","2022-11-7 10:00:00.000000"
536,3,11,"出費が【かさ】む",,"2022-11-7 10:00:00.000000","2022-11-7 10:00:00.000000"
537,3,11,"将軍家の【けいし】として生まれた",,"2022-11-7 10:00:00.000000","2022-11-7 10:00:00.000000"
538,3,11,"字を書いた【けいし】が床に落ちていた",,"2022-11-7 10:00:00.000000","2022-11-7 10:00:00.000000"
539,3,11,"人柄が【しの】ばれる",,"2022-11-7 10:00:00.000000","2022-11-7 10:00:00.000000"
540,3,11,"【めしべ】とおしべ",,"2022-11-7 10:00:00.000000","2022-11-7 10:00:00.000000"
541,3,11,"全身に【しっしん】が出た",,"2022-11-7 10:00:00.000000","2022-11-7 10:00:00.000000"
542,3,11,"【しのつ】くような大雨",,"2022-11-7 10:00:00.000000","2022-11-7 10:00:00.000000"
543,3,11,"抑圧政策が暴動を【じゃっき】した",,"2022-11-7 10:00:00.000000","2022-11-7 10:00:00.000000"
544,3,11,"【てはず】を整える",,"2022-11-7 10:00:00.000000","2022-11-7 10:00:00.000000"
545,3,11,"【しゅこう】を整えてもてなす",,"2022-11-7 10:00:00.000000","2022-11-7 10:00:00.000000"
546,3,11,"新聞記者が【せいぞろ】いした",,"2022-11-7 10:00:00.000000","2022-11-7 10:00:00.000000"
547,3,11,"与党の政策を【ぜっぽう】鋭く批判する",,"2022-11-7 10:00:00.000000","2022-11-7 10:00:00.000000"
548,3,11,"先端が【とが】っている",,"2022-11-7 10:00:00.000000","2022-11-7 10:00:00.000000"
549,3,11,"【さわらび】が春の訪れを告げる",,"2022-11-7 10:00:00.000000","2022-11-7 10:00:00.000000"
550,3,11,"海の【もくず】",,"2022-11-7 10:00:00.000000","2022-11-7 10:00:00.000000"
551,4,11,"【】魁偉","容貌魁偉・・・姿かたちが立派で堂々としている様","2022-11-7 10:00:00.000000","2022-11-7 10:00:00.000000"
552,4,11,"容貌【】","容貌魁偉・・・姿かたちが立派で堂々としている様","2022-11-7 10:00:00.000000","2022-11-7 10:00:00.000000"
553,5,11,"姿かたちが立派で堂々としている様","容貌魁偉（ようぼうかいい）","2022-11-7 10:00:00.000000","2022-11-7 10:00:00.000000"
554,4,11,"【】櫛比","鱗次櫛比・・・鱗や櫛の歯のように整然と並ぶこと","2022-11-7 10:00:00.000000","2022-11-7 10:00:00.000000"
555,4,11,"鱗次【】","鱗次櫛比・・・鱗や櫛の歯のように整然と並ぶこと","2022-11-7 10:00:00.000000","2022-11-7 10:00:00.000000"
556,5,11,"整然と並ぶこと","鱗次櫛比（りんじしっぴ）","2022-11-7 10:00:00.000000","2022-11-7 10:00:00.000000"
557,4,11,"【】硯田","筆耕硯田・・・文章を書くことで生活すること","2022-11-7 10:00:00.000000","2022-11-7 10:00:00.000000"
558,4,11,"筆耕【】","筆耕硯田・・・文章を書くことで生活すること","2022-11-7 10:00:00.000000","2022-11-7 10:00:00.000000"
559,5,11,"文章を書くことで生活すること","筆耕硯田（ひっこうけんでん）","2022-11-7 10:00:00.000000","2022-11-7 10:00:00.000000"
560,4,11,"【】竿頭","百尺竿頭・・・達し得た高い境地からさらに向上しようとすること","2022-11-7 10:00:00.000000","2022-11-7 10:00:00.000000"
561,4,11,"百尺【】","百尺竿頭・・・達し得た高い境地からさらに向上しようとすること","2022-11-7 10:00:00.000000","2022-11-7 10:00:00.000000"
562,5,11,"達し得た高い境地から更に向上しようとすること","百尺竿頭（ひゃくせきかんとう）","2022-11-7 10:00:00.000000","2022-11-7 10:00:00.000000"
563,4,11,"【】身命","不惜身命・・・身命を捧げて惜しまないこと","2022-11-7 10:00:00.000000","2022-11-7 10:00:00.000000"
564,4,11,"不惜【】","不惜身命・・・身命を捧げて惜しまないこと","2022-11-7 10:00:00.000000","2022-11-7 10:00:00.000000"
565,5,11,"身命を捧げて惜しまないこと","不惜身命（ふしゃくしんみょう）","2022-11-7 10:00:00.000000","2022-11-7 10:00:00.000000"
566,4,11,"【】蒼然","暮色蒼然・・・夕暮れ時に、徐々に辺りが暗くなっていくさま","2022-11-7 10:00:00.000000","2022-11-7 10:00:00.000000"
567,4,11,"暮色【】","暮色蒼然・・・夕暮れ時に、徐々に辺りが暗くなっていくさま","2022-11-7 10:00:00.000000","2022-11-7 10:00:00.000000"
568,5,11,"夕暮れ時に、徐々に辺りが暗くなっていくさま","暮色蒼然（ぼしょくそうぜん）","2022-11-7 10:00:00.000000","2022-11-7 10:00:00.000000"
569,4,11,"【】傾城","一顧傾城・・・君主が夢中になって国が傾くほどの美女","2022-11-7 10:00:00.000000","2022-11-7 10:00:00.000000"
570,4,11,"一顧【】","一顧傾城・・・君主が夢中になって国が傾くほどの美女","2022-11-7 10:00:00.000000","2022-11-7 10:00:00.000000"
571,5,11,"君主が夢中になって国が傾くほどの絶世の美女","一顧傾城（いっこけいせい）","2022-11-7 10:00:00.000000","2022-11-7 10:00:00.000000"
572,4,11,"【】敦厚","温柔敦厚・・・温厚で誠実なこと","2022-11-7 10:00:00.000000","2022-11-7 10:00:00.000000"
573,4,11,"温柔【】","温柔敦厚・・・温厚で誠実なこと","2022-11-7 10:00:00.000000","2022-11-7 10:00:00.000000"
574,5,11,"温厚で誠実なこと","温柔敦厚（おんじゅうとんこう）","2022-11-7 10:00:00.000000","2022-11-7 10:00:00.000000"
575,4,11,"【】舜雨","堯風舜雨・・・天下泰平の世の中のこと","2022-11-7 10:00:00.000000","2022-11-7 10:00:00.000000"
576,4,11,"堯風【】","堯風舜雨・・・天下泰平の世の中のこと","2022-11-7 10:00:00.000000","2022-11-7 10:00:00.000000"
577,5,11,"天下泰平の世の中のこと","堯風舜雨（ぎょうふうしゅんう）","2022-11-7 10:00:00.000000","2022-11-7 10:00:00.000000"
578,4,11,"【】無垢","純真無垢・・・純粋で汚れを知らないこと","2022-11-7 10:00:00.000000","2022-11-7 10:00:00.000000"
579,4,11,"純真【】","純真無垢・・・純粋で汚れを知らないこと","2022-11-7 10:00:00.000000","2022-11-7 10:00:00.000000"
580,5,11,"純粋で汚れを知らないこと","純真無垢（じゅんしんむく）","2022-11-7 10:00:00.000000","2022-11-7 10:00:00.000000"
581,6,11,"蓄財　⇔",,"2022-11-7 10:00:00.000000","2022-11-7 10:00:00.000000"
582,6,11,"清楚　⇔",,"2022-11-7 10:00:00.000000","2022-11-7 10:00:00.000000"
583,6,11,"遅鈍　⇔",,"2022-11-7 10:00:00.000000","2022-11-7 10:00:00.000000"
584,6,11,"尊敬　⇔",,"2022-11-7 10:00:00.000000","2022-11-7 10:00:00.000000"
585,6,11,"不毛　⇔",,"2022-11-7 10:00:00.000000","2022-11-7 10:00:00.000000"
586,6,11,"隠密　＝",,"2022-11-7 10:00:00.000000","2022-11-7 10:00:00.000000"
587,6,11,"隆昌　＝",,"2022-11-7 10:00:00.000000","2022-11-7 10:00:00.000000"
588,6,11,"窮乏　＝",,"2022-11-7 10:00:00.000000","2022-11-7 10:00:00.000000"
589,6,11,"矛盾　＝",,"2022-11-7 10:00:00.000000","2022-11-7 10:00:00.000000"
590,6,11,"永眠　＝",,"2022-11-7 10:00:00.000000","2022-11-7 10:00:00.000000"
591,6,11,"称讃　⇔",,"2022-11-7 10:00:00.000000","2022-11-7 10:00:00.000000"
592,6,11,"破綻　⇔",,"2022-11-7 10:00:00.000000","2022-11-7 10:00:00.000000"
593,6,11,"懸絶　⇔",,"2022-11-7 10:00:00.000000","2022-11-7 10:00:00.000000"
594,6,11,"肥沃　⇔",,"2022-11-7 10:00:00.000000","2022-11-7 10:00:00.000000"
595,6,11,"爽快　⇔",,"2022-11-7 10:00:00.000000","2022-11-7 10:00:00.000000"
596,6,11,"吉兆　＝",,"2022-11-7 10:00:00.000000","2022-11-7 10:00:00.000000"
597,6,11,"粗雑　＝",,"2022-11-7 10:00:00.000000","2022-11-7 10:00:00.000000"
598,6,11,"乱脈　＝",,"2022-11-7 10:00:00.000000","2022-11-7 10:00:00.000000"
599,6,11,"糊塗　＝",,"2022-11-7 10:00:00.000000","2022-11-7 10:00:00.000000"
600,6,11,"突如　＝",,"2022-11-7 10:00:00.000000","2022-11-7 10:00:00.000000"
601,7,11,"【イチモツ】の鷹も放さねば捕らず",,"2022-11-7 10:00:00.000000","2022-11-7 10:00:00.000000"
602,7,11,"【カコウ】有りといえども食らわずんばその旨きを知らず",,"2022-11-7 10:00:00.000000","2022-11-7 10:00:00.000000"
603,7,11,"禍福【アザ】える縄の如し",,"2022-11-7 10:00:00.000000","2022-11-7 10:00:00.000000"
604,7,11,"【ソバ】の花も一盛り",,"2022-11-7 10:00:00.000000","2022-11-7 10:00:00.000000"
605,7,11,"遠慮なければ【キンユウ】あり",,"2022-11-7 10:00:00.000000","2022-11-7 10:00:00.000000"
606,7,11,"瓢箪から【コマ】",,"2022-11-7 10:00:00.000000","2022-11-7 10:00:00.000000"
607,7,11,"荒馬の【クツワ】は前から","困難なことには正面からあたる方が良い事","2022-11-7 10:00:00.000000","2022-11-7 10:00:00.000000"
608,7,11,"【ジュウバ】を殺して狐狸を求む","小さな利益のために大きな損失を受けること","2022-11-7 10:00:00.000000","2022-11-7 10:00:00.000000"
609,7,11,"歳寒くして【ショウハク】の凋むに遅るるを知る","人の真価は苦難の時に初めてわかること。松や柏は冬になっても緑のままであることから。","2022-11-7 10:00:00.000000","2022-11-7 10:00:00.000000"
610,7,11,"燕雀安んぞ【コウコク】の志を知らんや",,"2022-11-7 10:00:00.000000","2022-11-7 10:00:00.000000"
611,7,11,"【コウヤ】の白袴",,"2022-11-7 10:00:00.000000","2022-11-7 10:00:00.000000"
612,7,11,"地獄の【サタ】も金次第",,"2022-11-7 10:00:00.000000","2022-11-7 10:00:00.000000"
613,7,11,"【コチョウ】の夢の百年目",,"2022-11-7 10:00:00.000000","2022-11-7 10:00:00.000000"
614,7,11,"牡丹に唐【ジシ】、竹に虎","取り合わせが良い事の例え","2022-11-7 10:00:00.000000","2022-11-7 10:00:00.000000"
615,7,11,"桜三月【ショウブ】は五月",,"2022-11-7 10:00:00.000000","2022-11-7 10:00:00.000000"
616,7,11,"【カネ】や太鼓で探す",,"2022-11-7 10:00:00.000000","2022-11-7 10:00:00.000000"
617,7,11,"門前【ジャクラ】を張る",,"2022-11-7 10:00:00.000000","2022-11-7 10:00:00.000000"
618,7,11,"塗り箸で【ソウメン】を食う",,"2022-11-7 10:00:00.000000","2022-11-7 10:00:00.000000"
619,7,11,"【サイシン】の憂い","自分の病気をへりくだって言う言葉","2022-11-7 10:00:00.000000","2022-11-7 10:00:00.000000"
620,7,11,"糠に【クギ】",,"2022-11-7 10:00:00.000000","2022-11-7 10:00:00.000000"
621,1,11,"寅の刻を【戊夜】という",,"2022-11-7 10:00:00.000000","2022-11-7 10:00:00.000000"
622,1,11,"【斯界】の大物",,"2022-11-7 10:00:00.000000","2022-11-7 10:00:00.000000"
623,1,11,"手術で【病竃】を摘出する",,"2022-11-7 10:00:00.000000","2022-11-7 10:00:00.000000"
624,1,11,"人の【口吻】を真似る",,"2022-11-7 10:00:00.000000","2022-11-7 10:00:00.000000"
625,1,11,"誤解から様々な【謬見】が生まれる",,"2022-11-7 10:00:00.000000","2022-11-7 10:00:00.000000"
626,1,11,"大名の【後胤】を自称する",,"2022-11-7 10:00:00.000000","2022-11-7 10:00:00.000000"
627,1,11,"【挽歌】を捧げた",,"2022-11-7 10:00:00.000000","2022-11-7 10:00:00.000000"
628,1,11,"【古諺】を引用する",,"2022-11-7 10:00:00.000000","2022-11-7 10:00:00.000000"
629,1,11,"流石の【乃父】も答えるに言葉なく",,"2022-11-7 10:00:00.000000","2022-11-7 10:00:00.000000"
630,1,11,"壁に絵画を【懸吊】する",,"2022-11-7 10:00:00.000000","2022-11-7 10:00:00.000000"
631,1,11,"切手を【貼付】する",,"2022-11-7 10:00:00.000000","2022-11-7 10:00:00.000000"
632,1,11,"世間に広く【喧伝】する",,"2022-11-7 10:00:00.000000","2022-11-7 10:00:00.000000"
633,1,11,"【灘響】が耳に心地よい",,"2022-11-7 10:00:00.000000","2022-11-7 10:00:00.000000"
634,1,11,"論を持して【侃直】なり","侃直・・・強く正しい事","2022-11-7 10:00:00.000000","2022-11-7 10:00:00.000000"
635,1,11,"【薙髪】して仏に帰依した",,"2022-11-7 10:00:00.000000","2022-11-7 10:00:00.000000"
636,1,11,"【赫怒】して切って捨てた",,"2022-11-7 10:00:00.000000","2022-11-7 10:00:00.000000"
637,1,11,"【都邑】に旅行した",,"2022-11-7 10:00:00.000000","2022-11-7 10:00:00.000000"
638,1,11,"【馨香】に包まれる",,"2022-11-7 10:00:00.000000","2022-11-7 10:00:00.000000"
639,1,11,"流行の【魁】を追う",,"2022-11-7 10:00:00.000000","2022-11-7 10:00:00.000000"
640,1,11,"【廓】ことばを調べる",,"2022-11-7 10:00:00.000000","2022-11-7 10:00:00.000000"
641,2,11,"愚痴を【零】す",,"2022-11-7 10:00:00.000000","2022-11-7 10:00:00.000000"
642,2,11,"【雅】やかな式典",,"2022-11-7 10:00:00.000000","2022-11-7 10:00:00.000000"
643,2,11,"長い髪を【項】でまとめる",,"2022-11-7 10:00:00.000000","2022-11-7 10:00:00.000000"
644,2,11,"理由を【詳】らかに述べた",,"2022-11-7 10:00:00.000000","2022-11-7 10:00:00.000000"
645,2,11,"【濃】やかに世話をする",,"2022-11-7 10:00:00.000000","2022-11-7 10:00:00.000000"
646,2,11,"先輩は【敏】い人だ",,"2022-11-7 10:00:00.000000","2022-11-7 10:00:00.000000"
647,2,11,"気も【漫】ろに眺めた",,"2022-11-7 10:00:00.000000","2022-11-7 10:00:00.000000"
648,2,11,"【漫】りに口出ししてはいけない",,"2022-11-7 10:00:00.000000","2022-11-7 10:00:00.000000"
649,2,11,"どうにか生き【存】えた",,"2022-11-7 10:00:00.000000","2022-11-7 10:00:00.000000"
650,2,11,"一抹の不安が胸を【過】った",,"2022-11-7 10:00:00.000000","2022-11-7 10:00:00.000000"
651,2,11,"王女の前に【額】ずいた",,"2022-11-7 10:00:00.000000","2022-11-7 10:00:00.000000"
652,2,11,"【故】に沈黙を守った",,"2022-11-7 10:00:00.000000","2022-11-7 10:00:00.000000"
653,2,11,"勢いを【殺】がれた",,"2022-11-7 10:00:00.000000","2022-11-7 10:00:00.000000"
654,2,11,"胸の【支】えが取れた",,"2022-11-7 10:00:00.000000","2022-11-7 10:00:00.000000"
655,2,11,"理由を【質】す",,"2022-11-7 10:00:00.000000","2022-11-7 10:00:00.000000"
656,2,11,"スポーツマンシップに【則】って正々堂々戦った",,"2022-11-7 10:00:00.000000","2022-11-7 10:00:00.000000"
657,2,11,"自分の立場を【弁】える",,"2022-11-7 10:00:00.000000","2022-11-7 10:00:00.000000"
658,2,11,"身長が【略】変わらない",,"2022-11-7 10:00:00.000000","2022-11-7 10:00:00.000000"
659,2,11,"片っ端から買い【漁】る",,"2022-11-7 10:00:00.000000","2022-11-7 10:00:00.000000"
660,2,11,"昔の【好】で手助けをする",,"2022-11-7 10:00:00.000000","2022-11-7 10:00:00.000000"
661,3,11,"【だき】すべき行為だ",,"2022-11-7 10:00:00.000000","2022-11-7 10:00:00.000000"
662,3,11,"【だえん】の面積を求める",,"2022-11-7 10:00:00.000000","2022-11-7 10:00:00.000000"
663,3,11,"右腕を【だっきゅう】した",,"2022-11-7 10:00:00.000000","2022-11-7 10:00:00.000000"
664,3,11,"敵の【ちょうほう】員を拘束した",,"2022-11-7 10:00:00.000000","2022-11-7 10:00:00.000000"
665,3,11,"【つば】迫り合いが続く",,"2022-11-7 10:00:00.000000","2022-11-7 10:00:00.000000"
666,3,11,"財政が【ひっぱく】している",,"2022-11-7 10:00:00.000000","2022-11-7 10:00:00.000000"
667,3,11,"身を【てい】して救助する",,"2022-11-7 10:00:00.000000","2022-11-7 10:00:00.000000"
668,3,11,"懲戒免職という【てっつい】が下された",,"2022-11-7 10:00:00.000000","2022-11-7 10:00:00.000000"
669,3,11,"ポストに【とうかん】する",,"2022-11-7 10:00:00.000000","2022-11-7 10:00:00.000000"
670,3,11,"バターが【とろ】ける",,"2022-11-7 10:00:00.000000","2022-11-7 10:00:00.000000"
671,3,11,"猫はあまり【じゅんち】されない",,"2022-11-7 10:00:00.000000","2022-11-7 10:00:00.000000"
672,3,11,"登山者で【にぎ】わう",,"2022-11-7 10:00:00.000000","2022-11-7 10:00:00.000000"
673,3,11,"【ばんさん】会に出席した",,"2022-11-7 10:00:00.000000","2022-11-7 10:00:00.000000"
674,3,11,"赤字を【ほてん】する",,"2022-11-7 10:00:00.000000","2022-11-7 10:00:00.000000"
675,3,11,"運命に【ほんろう】される",,"2022-11-7 10:00:00.000000","2022-11-7 10:00:00.000000"
676,3,11,"サツマイモの【つる】を引いた",,"2022-11-7 10:00:00.000000","2022-11-7 10:00:00.000000"
677,3,11,"【もう】け話を持ち掛けられた",,"2022-11-7 10:00:00.000000","2022-11-7 10:00:00.000000"
678,3,11,"土産を【もら】う",,"2022-11-7 10:00:00.000000","2022-11-7 10:00:00.000000"
679,3,11,"DNAは二重【らせん】構造をしている",,"2022-11-7 10:00:00.000000","2022-11-7 10:00:00.000000"
680,3,11,"【りっすい】の余地もないくらい混雑している",,"2022-11-7 10:00:00.000000","2022-11-7 10:00:00.000000"
681,4,11,"【】李四","張三李四・・・平凡な人のこと","2022-11-7 10:00:00.000000","2022-11-7 10:00:00.000000"
682,4,11,"張三【】","張三李四・・・平凡な人のこと","2022-11-7 10:00:00.000000","2022-11-7 10:00:00.000000"
683,5,11,"平凡な人のこと","張三李四（ちょうさんりし）","2022-11-7 10:00:00.000000","2022-11-7 10:00:00.000000"
684,4,11,"【】夜叉","笑面夜叉・・・顔は笑っていても心の中で悪いことを考えていること","2022-11-7 10:00:00.000000","2022-11-7 10:00:00.000000"
685,4,11,"笑面【】","笑面夜叉・・・顔は笑っていても心の中で悪いことを考えていること","2022-11-7 10:00:00.000000","2022-11-7 10:00:00.000000"
686,5,11,"顔は笑っていても心の中で悪いことを考えていること","笑面夜叉（しょうめんやしゃ）","2022-11-7 10:00:00.000000","2022-11-7 10:00:00.000000"
687,4,11,"【】一斑","全豹一斑・・・一部だけを見て全体を判断すること","2022-11-7 10:00:00.000000","2022-11-7 10:00:00.000000"
688,4,11,"全豹【】","全豹一斑・・・一部だけを見て全体を判断すること","2022-11-7 10:00:00.000000","2022-11-7 10:00:00.000000"
689,5,11,"一部だけを見て全体を判断すること","全豹一斑（ぜんぴょういっぱん）","2022-11-7 10:00:00.000000","2022-11-7 10:00:00.000000"
690,4,11,"【】落飾","剃髪落飾・・・頭髪を剃り出家すること","2022-11-7 10:00:00.000000","2022-11-7 10:00:00.000000"
691,4,11,"剃髪【】","剃髪落飾・・・頭髪を剃り出家すること","2022-11-7 10:00:00.000000","2022-11-7 10:00:00.000000"
692,5,11,"頭髪を剃り出家すること","剃髪落飾（ていはつらくしょく）","2022-11-7 10:00:00.000000","2022-11-7 10:00:00.000000"
693,4,11,"【】再拝","頓首再拝・・・深く頭を下げてお辞儀をすること","2022-11-7 10:00:00.000000","2022-11-7 10:00:00.000000"
694,4,11,"頓首【】","頓首再拝・・・深く頭を下げてお辞儀をすること","2022-11-7 10:00:00.000000","2022-11-7 10:00:00.000000"
695,5,11,"深く頭を下げてお辞儀をすること","頓首再拝（とんしゅさいはい）","2022-11-7 10:00:00.000000","2022-11-7 10:00:00.000000"
696,4,11,"【】絶倒","抱腹絶倒・・・腹をかかえて大笑いする様子","2022-11-7 10:00:00.000000","2022-11-7 10:00:00.000000"
697,4,11,"抱腹【】","抱腹絶倒・・・腹をかかえて大笑いする様子","2022-11-7 10:00:00.000000","2022-11-7 10:00:00.000000"
698,5,11,"腹をかかえて大笑いする様子","抱腹絶倒（ほうふくぜっとう）","2022-11-7 10:00:00.000000","2022-11-7 10:00:00.000000"
699,4,11,"【】補牢","亡羊補牢・・・失敗した後でも改善すれば役に立つということ","2022-11-7 10:00:00.000000","2022-11-7 10:00:00.000000"
700,4,11,"亡羊【】","亡羊補牢・・・失敗した後でも改善すれば役に立つということ","2022-11-7 10:00:00.000000","2022-11-7 10:00:00.000000"
701,5,11,"失敗した後でも改善すれば役に立つということ","亡羊補牢（ぼうようほろう）","2022-11-7 10:00:00.000000","2022-11-7 10:00:00.000000"
702,4,11,"【】同塵","和光同塵・・・才能を隠して社会の中で暮らすこと","2022-11-7 10:00:00.000000","2022-11-7 10:00:00.000000"
703,4,11,"和光【】","和光同塵・・・才能を隠して社会の中で暮らすこと","2022-11-7 10:00:00.000000","2022-11-7 10:00:00.000000"
704,5,11,"才能を隠して社会の中で暮らすこと","和光同塵（わこうどうじん）","2022-11-7 10:00:00.000000","2022-11-7 10:00:00.000000"
705,4,11,"【】瓢飲","箪食瓢飲・・・質素な食事のこと","2022-11-7 10:00:00.000000","2022-11-7 10:00:00.000000"
706,4,11,"箪食【】","箪食瓢飲・・・質素な食事のこと","2022-11-7 10:00:00.000000","2022-11-7 10:00:00.000000"
707,5,11,"質素な食事のこと","箪食瓢飲（たんしひょういん）","2022-11-7 10:00:00.000000","2022-11-7 10:00:00.000000"
708,4,11,"【】軒昂","意気軒昂・・・意気盛んな様","2022-11-7 10:00:00.000000","2022-11-7 10:00:00.000000"
709,4,11,"意気【】","意気軒昂・・・意気盛んな様","2022-11-7 10:00:00.000000","2022-11-7 10:00:00.000000"
710,5,11,"意気盛んな様","意気軒昂（いきけんこう）","2022-11-7 10:00:00.000000","2022-11-7 10:00:00.000000"
711,6,11,"威嚇　⇔",,"2022-11-7 10:00:00.000000","2022-11-7 10:00:00.000000"
712,6,11,"冷静　⇔",,"2022-11-7 10:00:00.000000","2022-11-7 10:00:00.000000"
713,6,11,"恩人　⇔",,"2022-11-7 10:00:00.000000","2022-11-7 10:00:00.000000"
714,6,11,"侮蔑　⇔",,"2022-11-7 10:00:00.000000","2022-11-7 10:00:00.000000"
715,6,11,"莫大　⇔",,"2022-11-7 10:00:00.000000","2022-11-7 10:00:00.000000"
716,6,11,"利発　＝",,"2022-11-7 10:00:00.000000","2022-11-7 10:00:00.000000"
717,6,11,"崩壊　＝",,"2022-11-7 10:00:00.000000","2022-11-7 10:00:00.000000"
718,6,11,"花形　＝",,"2022-11-7 10:00:00.000000","2022-11-7 10:00:00.000000"
719,6,11,"苦悩　＝",,"2022-11-7 10:00:00.000000","2022-11-7 10:00:00.000000"
720,6,11,"道楽　＝",,"2022-11-7 10:00:00.000000","2022-11-7 10:00:00.000000"
721,6,11,"繊弱　⇔",,"2022-11-7 10:00:00.000000","2022-11-7 10:00:00.000000"
722,6,11,"安泰　⇔","危殆・・・非常に危ない事","2022-11-7 10:00:00.000000","2022-11-7 10:00:00.000000"
723,6,11,"捷径　⇔","捷径・・・近道","2022-11-7 10:00:00.000000","2022-11-7 10:00:00.000000"
724,6,11,"重大　⇔",,"2022-11-7 10:00:00.000000","2022-11-7 10:00:00.000000"
725,6,11,"活用　⇔",,"2022-11-7 10:00:00.000000","2022-11-7 10:00:00.000000"
726,6,11,"優越　＝",,"2022-11-7 10:00:00.000000","2022-11-7 10:00:00.000000"
727,6,11,"認可　＝",,"2022-11-7 10:00:00.000000","2022-11-7 10:00:00.000000"
728,6,11,"潔白　＝",,"2022-11-7 10:00:00.000000","2022-11-7 10:00:00.000000"
729,6,11,"恒久　＝",,"2022-11-7 10:00:00.000000","2022-11-7 10:00:00.000000"
730,6,11,"繁栄　＝",,"2022-11-7 10:00:00.000000","2022-11-7 10:00:00.000000"
731,7,11,"【トタン】の苦しみ",,"2022-11-7 10:00:00.000000","2022-11-7 10:00:00.000000"
732,7,11,"渇しても【トウセン】の水を飲まず",,"2022-11-7 10:00:00.000000","2022-11-7 10:00:00.000000"
733,7,11,"破れ鍋に【ト】じ蓋",,"2022-11-7 10:00:00.000000","2022-11-7 10:00:00.000000"
734,7,11,"門松は【メイド】の旅の一里塚",,"2022-11-7 10:00:00.000000","2022-11-7 10:00:00.000000"
735,7,11,"裸で【ユズ】の木に登る",,"2022-11-7 10:00:00.000000","2022-11-7 10:00:00.000000"
736,7,11,"【トビ】が鷹を生む",,"2022-11-7 10:00:00.000000","2022-11-7 10:00:00.000000"
737,7,11,"付け焼刃は【ナマ】りやすい",,"2022-11-7 10:00:00.000000","2022-11-7 10:00:00.000000"
738,7,11,"命は【コウモウ】より軽し",,"2022-11-7 10:00:00.000000","2022-11-7 10:00:00.000000"
739,7,11,"【シャクシ】は耳搔きにならぬ",,"2022-11-7 10:00:00.000000","2022-11-7 10:00:00.000000"
740,7,11,"【ヌ】れ手に粟",,"2022-11-7 10:00:00.000000","2022-11-7 10:00:00.000000"
741,7,11,"戦を見て矢を【ハ】ぐ","事が起こってから慌てて準備すること","2022-11-7 10:00:00.000000","2022-11-7 10:00:00.000000"
742,7,11,"化けの皮が【ハ】がれる",,"2022-11-7 10:00:00.000000","2022-11-7 10:00:00.000000"
743,7,11,"【オヒレ】をつける",,"2022-11-7 10:00:00.000000","2022-11-7 10:00:00.000000"
744,7,11,"【ミノ】になり笠になる","様々な手段で助けること","2022-11-7 10:00:00.000000","2022-11-7 10:00:00.000000"
745,7,11,"自家【ヤクロウ】中のものにする","自分の思うままに使えること","2022-11-7 10:00:00.000000","2022-11-7 10:00:00.000000"
746,7,11,"【ルリ】の光も磨きから",,"2022-11-7 10:00:00.000000","2022-11-7 10:00:00.000000"
747,7,11,"涓滴岩を【ウガ】つ",,"2022-11-7 10:00:00.000000","2022-11-7 10:00:00.000000"
748,7,11,"【リョウキン】は木を択ぶ","賢者は良い君主を選ぶということ","2022-11-7 10:00:00.000000","2022-11-7 10:00:00.000000"
749,7,11,"【フクテツ】を踏む","前の人と同じ失敗をすること","2022-11-7 10:00:00.000000","2022-11-7 10:00:00.000000"
750,7,11,"危うきこと【ルイラン】の如し","物事が不安定で危険な状態にあること","2022-11-7 10:00:00.000000","2022-11-7 10:00:00.000000"
751,1,11,"昔の【誼】で助ける",,"2022-11-7 10:00:00.000000","2022-11-7 10:00:00.000000"
752,1,11,"【姑】く寝かせよう",,"2022-11-7 10:00:00.000000","2022-11-7 10:00:00.000000"
753,1,11,"【甑】で蒸かす",,"2022-11-7 10:00:00.000000","2022-11-7 10:00:00.000000"
754,1,11,"【些】か具合が悪い",,"2022-11-7 10:00:00.000000","2022-11-7 10:00:00.000000"
755,1,11,"海外に【坐】らにして日本の情勢を知る",,"2022-11-7 10:00:00.000000","2022-11-7 10:00:00.000000"
756,1,11,"彼の名は【夙】に世に知られていた",,"2022-11-7 10:00:00.000000","2022-11-7 10:00:00.000000"
757,1,11,"爪で拾って【箕】でこぼす",,"2022-11-7 10:00:00.000000","2022-11-7 10:00:00.000000"
758,1,11,"病魔に【蝕】まれる",,"2022-11-7 10:00:00.000000","2022-11-7 10:00:00.000000"
759,1,11,"【頗】る元気です",,"2022-11-7 10:00:00.000000","2022-11-7 10:00:00.000000"
760,1,11,"見方を【詑】いた",,"2022-11-7 10:00:00.000000","2022-11-7 10:00:00.000000"
761,1,11,"衰退の道を【辿】る",,"2022-11-7 10:00:00.000000","2022-11-7 10:00:00.000000"
762,1,11,"【鱈】が釣れた",,"2022-11-7 10:00:00.000000","2022-11-7 10:00:00.000000"
763,1,11,"【乍】ち解決した",,"2022-11-7 10:00:00.000000","2022-11-7 10:00:00.000000"
764,1,11,"何の【之】くところぞ",,"2022-11-7 10:00:00.000000","2022-11-7 10:00:00.000000"
765,1,11,"道が二【俣】に分かれている",,"2022-11-7 10:00:00.000000","2022-11-7 10:00:00.000000"
766,1,11,"月見【櫓】を見物する",,"2022-11-7 10:00:00.000000","2022-11-7 10:00:00.000000"
767,1,11,"【乃公】にお任せください",,"2022-11-7 10:00:00.000000","2022-11-7 10:00:00.000000"
768,1,11,"【鉄桶】水を漏らさず",,"2022-11-7 10:00:00.000000","2022-11-7 10:00:00.000000"
769,1,11,"【蟹行】文字",,"2022-11-7 10:00:00.000000","2022-11-7 10:00:00.000000"
770,1,11,"歴史的な【鼎談】が実現した",,"2022-11-7 10:00:00.000000","2022-11-7 10:00:00.000000"
771,2,11,"表面だけ【肯】うことはできなかった",,"2022-11-7 10:00:00.000000","2022-11-7 10:00:00.000000"
772,2,11,"星の【清】かな夜だった",,"2022-11-7 10:00:00.000000","2022-11-7 10:00:00.000000"
773,2,11,"【努々】お忘れなく",,"2022-11-7 10:00:00.000000","2022-11-7 10:00:00.000000"
774,2,11,"年金で【約】やかに暮らす",,"2022-11-7 10:00:00.000000","2022-11-7 10:00:00.000000"
775,2,11,"本堂正面に【階】が見える",,"2022-11-7 10:00:00.000000","2022-11-7 10:00:00.000000"
776,2,11,"不逞の【族】がうろついている",,"2022-11-7 10:00:00.000000","2022-11-7 10:00:00.000000"
777,2,11,"【転】た感慨深い","転た・・・いよいよ、ますます","2022-11-7 10:00:00.000000","2022-11-7 10:00:00.000000"
778,2,11,"【都】て私の責任です",,"2022-11-7 10:00:00.000000","2022-11-7 10:00:00.000000"
779,2,11,"【予】めご用意ください",,"2022-11-7 10:00:00.000000","2022-11-7 10:00:00.000000"
780,2,11,"気持ちが【和】ぐ",,"2022-11-7 10:00:00.000000","2022-11-7 10:00:00.000000"
781,2,11,"【細】やかな酒宴を催す",,"2022-11-7 10:00:00.000000","2022-11-7 10:00:00.000000"
782,2,11,"曠野を【直】走る",,"2022-11-7 10:00:00.000000","2022-11-7 10:00:00.000000"
783,2,11,"八百【万】の神々がおわす",,"2022-11-7 10:00:00.000000","2022-11-7 10:00:00.000000"
784,2,11,"【尉】の能面を用意する",,"2022-11-7 10:00:00.000000","2022-11-7 10:00:00.000000"
785,2,11,"【逸】る気持ちを抑える",,"2022-11-7 10:00:00.000000","2022-11-7 10:00:00.000000"
786,2,11,"【堪】えられない気持がした",,"2022-11-7 10:00:00.000000","2022-11-7 10:00:00.000000"
787,2,11,"【擬】物を買ってしまった",,"2022-11-7 10:00:00.000000","2022-11-7 10:00:00.000000"
788,2,11,"【勲】は高き　鯉のぼり",,"2022-11-7 10:00:00.000000","2022-11-7 10:00:00.000000"
789,2,11,"【謙】ったようなところがある",,"2022-11-7 10:00:00.000000","2022-11-7 10:00:00.000000"
790,2,11,"【淑】やかな女性だ",,"2022-11-7 10:00:00.000000","2022-11-7 10:00:00.000000"
791,3,11,"痛む足を【かば】って歩く",,"2022-11-7 10:00:00.000000","2022-11-7 10:00:00.000000"
792,3,11,"モンブランの【りょうせん】は、イタリアとフランスの国境だ",,"2022-11-7 10:00:00.000000","2022-11-7 10:00:00.000000"
793,3,11,"煙が生き物のように【ようえい】している",,"2022-11-7 10:00:00.000000","2022-11-7 10:00:00.000000"
794,3,11,"風雨を【しの】ぐ",,"2022-11-7 10:00:00.000000","2022-11-7 10:00:00.000000"
795,3,11,"内職をして口を【のり】する",,"2022-11-7 10:00:00.000000","2022-11-7 10:00:00.000000"
796,3,11,"【のり】巻を食べる",,"2022-11-7 10:00:00.000000","2022-11-7 10:00:00.000000"
797,3,11,"取るに足らない【さじ】だった",,"2022-11-7 10:00:00.000000","2022-11-7 10:00:00.000000"
798,3,11,"医者にも【さじ】を投げられた",,"2022-11-7 10:00:00.000000","2022-11-7 10:00:00.000000"
799,3,11,"野【びる】を摘み取った",,"2022-11-7 10:00:00.000000","2022-11-7 10:00:00.000000"
800,3,11,"山【びる】に血を吸われた",,"2022-11-7 10:00:00.000000","2022-11-7 10:00:00.000000"
801,3,11,"ハンカチに【ししゅう】を施した",,"2022-11-7 10:00:00.000000","2022-11-7 10:00:00.000000"
802,3,11,"【けいつい】の手術を受けた",,"2022-11-7 10:00:00.000000","2022-11-7 10:00:00.000000"
803,3,11,"彼は長身で【そうく】です",,"2022-11-7 10:00:00.000000","2022-11-7 10:00:00.000000"
804,3,11,"【しい】に耽る",,"2022-11-7 10:00:00.000000","2022-11-7 10:00:00.000000"
805,3,11,"文章を【ちょうたく】する","文章や宝石を磨くこと","2022-11-7 10:00:00.000000","2022-11-7 10:00:00.000000"
806,3,11,"和紙を【す】く",,"2022-11-7 10:00:00.000000","2022-11-7 10:00:00.000000"
807,3,11,"【しょうゆ】で味をつける",,"2022-11-7 10:00:00.000000","2022-11-7 10:00:00.000000"
808,3,11,"川岸に【どのう】をつんだ",,"2022-11-7 10:00:00.000000","2022-11-7 10:00:00.000000"
809,3,11,"【たくはつ】に出かける",,"2022-11-7 10:00:00.000000","2022-11-7 10:00:00.000000"
810,3,11,"【にら】が食べたい",,"2022-11-7 10:00:00.000000","2022-11-7 10:00:00.000000"
811,4,11,"【】西望","東窺西望・・・落ち着きなく周囲を見回すこと","2022-11-7 10:00:00.000000","2022-11-7 10:00:00.000000"
812,4,11,"東窺【】","東窺西望・・・落ち着きなく周囲を見回すこと","2022-11-7 10:00:00.000000","2022-11-7 10:00:00.000000"
813,5,11,"落ち着きなく周囲を見回すこと","東窺西望（とうきせいぼう）","2022-11-7 10:00:00.000000","2022-11-7 10:00:00.000000"
814,4,11,"【】空拳","徒手空拳・・・身一つで何かを始めること","2022-11-7 10:00:00.000000","2022-11-7 10:00:00.000000"
815,4,11,"徒手【】","徒手空拳・・・身一つで何かを始めること","2022-11-7 10:00:00.000000","2022-11-7 10:00:00.000000"
816,5,11,"身一つで何かを始めること","徒手空拳（としゅくうけん）","2022-11-7 10:00:00.000000","2022-11-7 10:00:00.000000"
817,4,11,"【】鴻毛","泰山鴻毛・・・軽重の差が激しい事","2022-11-7 10:00:00.000000","2022-11-7 10:00:00.000000"
818,4,11,"泰山【】","泰山鴻毛・・・軽重の差が激しい事","2022-11-7 10:00:00.000000","2022-11-7 10:00:00.000000"
819,5,11,"軽重の差が激しい事","泰山鴻毛（たいざんこうもう）","2022-11-7 10:00:00.000000","2022-11-7 10:00:00.000000"
820,4,11,"【】社鼠","城狐社鼠・・・君主のそばで悪事を働く家臣のこと","2022-11-7 10:00:00.000000","2022-11-7 10:00:00.000000"
821,4,11,"城狐【】","城狐社鼠・・・君主のそばで悪事を働く家臣のこと","2022-11-7 10:00:00.000000","2022-11-7 10:00:00.000000"
822,5,11,"君主のそばで悪事を働く家臣のこと","城狐社鼠（じょうこしゃそ）","2022-11-7 10:00:00.000000","2022-11-7 10:00:00.000000"
823,4,11,"【】玉杯","象箸玉杯・・・贅沢な飲食や暮らし","2022-11-7 10:00:00.000000","2022-11-7 10:00:00.000000"
824,4,11,"象箸【】","象箸玉杯・・・贅沢な飲食や暮らし","2022-11-7 10:00:00.000000","2022-11-7 10:00:00.000000"
825,5,11,"贅沢な飲食や暮らし","象箸玉杯（ぞうちょぎょくはい）","2022-11-7 10:00:00.000000","2022-11-7 10:00:00.000000"
826,4,11,"【】墨守","旧套墨守・・・古いやり方を守って改めないこと","2022-11-7 10:00:00.000000","2022-11-7 10:00:00.000000"
827,4,11,"旧套【】","旧套墨守・・・古いやり方を守って改めないこと","2022-11-7 10:00:00.000000","2022-11-7 10:00:00.000000"
828,5,11,"古いやり方を守って改めないこと","旧套墨守（きゅうとうぼくしゅ）","2022-11-7 10:00:00.000000","2022-11-7 10:00:00.000000"
829,4,11,"【】定規","杓子定規・・・融通が利かず、頭がかたい事","2022-11-7 10:00:00.000000","2022-11-7 10:00:00.000000"
830,4,11,"杓子【】","杓子定規・・・融通が利かず、頭がかたい事","2022-11-7 10:00:00.000000","2022-11-7 10:00:00.000000"
831,5,11,"融通かきかず、頭がかたい事","杓子定規（しゃくしじょうぎ）","2022-11-7 10:00:00.000000","2022-11-7 10:00:00.000000"
832,4,11,"【】興亡","治乱興亡・・・国が栄えたり滅びたり理、世の中が変転すること","2022-11-7 10:00:00.000000","2022-11-7 10:00:00.000000"
833,4,11,"治乱【】","治乱興亡・・・国が栄えたり滅びたり理、世の中が変転すること","2022-11-7 10:00:00.000000","2022-11-7 10:00:00.000000"
834,5,11,"国が栄えたり滅びたり、世の中が変転すること","治乱興亡（ちらんこうぼう）","2022-11-7 10:00:00.000000","2022-11-7 10:00:00.000000"
835,4,11,"【】奇抜","斬新奇抜・・・新奇で風変わりなこと","2022-11-7 10:00:00.000000","2022-11-7 10:00:00.000000"
836,4,11,"斬新【】","斬新奇抜・・・新奇で風変わりなこと","2022-11-7 10:00:00.000000","2022-11-7 10:00:00.000000"
837,5,11,"新奇で風変わりなこと","斬新奇抜（ざんしんきばつ）","2022-11-7 10:00:00.000000","2022-11-7 10:00:00.000000"
838,4,11,"【】撃壌","鼓腹撃壌・・・平和な世の中のたとえ","2022-11-7 10:00:00.000000","2022-11-7 10:00:00.000000"
839,4,11,"鼓腹【】","鼓腹撃壌・・・平和な世の中のたとえ","2022-11-7 10:00:00.000000","2022-11-7 10:00:00.000000"
840,5,11,"平和な世の中のたとえ","鼓腹撃壌（こふくげきじょう）","2022-11-7 10:00:00.000000","2022-11-7 10:00:00.000000"
841,6,11,"悠々　⇔",,"2022-11-7 10:00:00.000000","2022-11-7 10:00:00.000000"
842,6,11,"平坦　⇔",,"2022-11-7 10:00:00.000000","2022-11-7 10:00:00.000000"
843,6,11,"匡正　⇔","匡正・・・間違いを正しく治すこと","2022-11-7 10:00:00.000000","2022-11-7 10:00:00.000000"
844,6,11,"着工　⇔",,"2022-11-7 10:00:00.000000","2022-11-7 10:00:00.000000"
845,6,11,"激賞　⇔",,"2022-11-7 10:00:00.000000","2022-11-7 10:00:00.000000"
846,6,11,"蒼天　＝",,"2022-11-7 10:00:00.000000","2022-11-7 10:00:00.000000"
847,6,11,"偽作　＝",,"2022-11-7 10:00:00.000000","2022-11-7 10:00:00.000000"
848,6,11,"評判　＝",,"2022-11-7 10:00:00.000000","2022-11-7 10:00:00.000000"
849,6,11,"吉兆　＝",,"2022-11-7 10:00:00.000000","2022-11-7 10:00:00.000000"
850,6,11,"抗論　＝",,"2022-11-7 10:00:00.000000","2022-11-7 10:00:00.000000"
851,6,11,"脆弱　⇔",,"2022-11-7 10:00:00.000000","2022-11-7 10:00:00.000000"
852,6,11,"駄馬　⇔",,"2022-11-7 10:00:00.000000","2022-11-7 10:00:00.000000"
853,6,11,"精密　⇔",,"2022-11-7 10:00:00.000000","2022-11-7 10:00:00.000000"
854,6,11,"謙抑　⇔",,"2022-11-7 10:00:00.000000","2022-11-7 10:00:00.000000"
855,6,11,"枯渇　⇔",,"2022-11-7 10:00:00.000000","2022-11-7 10:00:00.000000"
856,6,11,"根城　＝",,"2022-11-7 10:00:00.000000","2022-11-7 10:00:00.000000"
857,6,11,"穎敏　＝","頴敏・・・頭の回転が早い事","2022-11-7 10:00:00.000000","2022-11-7 10:00:00.000000"
858,6,11,"大儀　＝",,"2022-11-7 10:00:00.000000","2022-11-7 10:00:00.000000"
859,6,11,"尾根　＝",,"2022-11-7 10:00:00.000000","2022-11-7 10:00:00.000000"
860,6,11,"薄給　＝",,"2022-11-7 10:00:00.000000","2022-11-7 10:00:00.000000"
861,7,11,"筆を誤りて【ハエ】を作る","過ちを上手く処理すること","2022-11-7 10:00:00.000000","2022-11-7 10:00:00.000000"
862,7,11,"【ノウチュウ】の錐","優れた人はその才能が自然と目立つこと","2022-11-7 10:00:00.000000","2022-11-7 10:00:00.000000"
863,7,11,"【アイサツ】は時の氏神","争いの仲裁をしてくれる人には従うべきだということ","2022-11-7 10:00:00.000000","2022-11-7 10:00:00.000000"
864,7,11,"【アブハチ】取らず",,"2022-11-7 10:00:00.000000","2022-11-7 10:00:00.000000"
865,7,11,"野に【イケン】無し","埋もれた人材が無く、国家が安定しているさま","2022-11-7 10:00:00.000000","2022-11-7 10:00:00.000000"
866,7,11,"【セイア】は以て海を語るべからず","見識の無い者には世の中の道理を理解できないこと","2022-11-7 10:00:00.000000","2022-11-7 10:00:00.000000"
867,7,11,"靴を隔てて痒きを【カ】く","思うようにならないこと","2022-11-7 10:00:00.000000","2022-11-7 10:00:00.000000"
868,7,11,"香【ジ】の下必ず死魚有り","利益の陰には危険があること","2022-11-7 10:00:00.000000","2022-11-7 10:00:00.000000"
869,7,11,"衣食足りて【エイジョク】を知る",,"2022-11-7 10:00:00.000000","2022-11-7 10:00:00.000000"
870,7,11,"愛【オクウ】に及ぶ","溺愛すること","2022-11-7 10:00:00.000000","2022-11-7 10:00:00.000000"
871,7,11,"風が吹けば【オケヤ】が儲かる",,"2022-11-7 10:00:00.000000","2022-11-7 10:00:00.000000"
872,7,11,"【キャラ】の仏に箔を置く","良いものを更に良くすること","2022-11-7 10:00:00.000000","2022-11-7 10:00:00.000000"
873,7,11,"断じて行えば【キシン】もこれを避く","断固として行えば困難なことも成功する","2022-11-7 10:00:00.000000","2022-11-7 10:00:00.000000"
874,7,11,"【カイケイ】の恥を雪ぐ","屈辱を晴らして名誉を回復すること","2022-11-7 10:00:00.000000","2022-11-7 10:00:00.000000"
875,7,11,"慌てる【カニ】は穴へ這入れぬ","慌てると失敗するということ","2022-11-7 10:00:00.000000","2022-11-7 10:00:00.000000"
876,7,11,"【ガイコツ】を請う","辞職を願い出ること","2022-11-7 10:00:00.000000","2022-11-7 10:00:00.000000"
877,7,11,"魚の【フチュウ】に遊ぶが如し","危険が迫っていることに気付かず呑気にしていること","2022-11-7 10:00:00.000000","2022-11-7 10:00:00.000000"
878,7,11,"失策は人にあり、【カンジョ】は神にあり",,"2022-11-7 10:00:00.000000","2022-11-7 10:00:00.000000"
879,7,11,"虻蜂取らず鷹の【エジキ】","2つ狙って失敗し、身を滅ぼすこと","2022-11-7 10:00:00.000000","2022-11-7 10:00:00.000000"
880,7,11,"【キシン】矢の如し","一刻も早く帰りたい気持ち","2022-11-7 10:00:00.000000","2022-11-7 10:00:00.000000"
881,1,11,"大学に合格して【快哉】を叫んだ",,"2022-11-7 10:00:00.000000","2022-11-7 10:00:00.000000"
882,1,11,"【鄭声】を嫌う","鄭声・・・俗悪な曲","2022-11-7 10:00:00.000000","2022-11-7 10:00:00.000000"
883,1,11,"古い慣習を【蝉脱】した",,"2022-11-7 10:00:00.000000","2022-11-7 10:00:00.000000"
884,1,11,"【禾穀】が実った",,"2022-11-7 10:00:00.000000","2022-11-7 10:00:00.000000"
885,1,11,"犯人の【爪牙】の餌食になった",,"2022-11-7 10:00:00.000000","2022-11-7 10:00:00.000000"
886,1,11,"長身【痩躯】の先生",,"2022-11-7 10:00:00.000000","2022-11-7 10:00:00.000000"
887,1,11,"ホールを【歌唄】の声が満たした",,"2022-11-7 10:00:00.000000","2022-11-7 10:00:00.000000"
888,1,11,"祖父の【椿寿】を祝う",,"2022-11-7 10:00:00.000000","2022-11-7 10:00:00.000000"
889,1,11,"釣りの【鉤餌】を用意する",,"2022-11-7 10:00:00.000000","2022-11-7 10:00:00.000000"
890,1,11,"城跡のある【岡阜】に登る","岡阜・・・小高い丘","2022-11-7 10:00:00.000000","2022-11-7 10:00:00.000000"
891,1,11,"【暢達】な書風",,"2022-11-7 10:00:00.000000","2022-11-7 10:00:00.000000"
892,1,11,"広い【藪沢】が広がる",,"2022-11-7 10:00:00.000000","2022-11-7 10:00:00.000000"
893,1,11,"【厩肥】を集める",,"2022-11-7 10:00:00.000000","2022-11-7 10:00:00.000000"
894,1,11,"女色に【耽溺】してしまった",,"2022-11-7 10:00:00.000000","2022-11-7 10:00:00.000000"
895,1,11,"【脇息】を引き寄せた",,"2022-11-7 10:00:00.000000","2022-11-7 10:00:00.000000"
896,1,11,"【一揖】して去った",,"2022-11-7 10:00:00.000000","2022-11-7 10:00:00.000000"
897,1,11,"雑草が【茸茸】と生い茂る",,"2022-11-7 10:00:00.000000","2022-11-7 10:00:00.000000"
898,1,11,"【老爺】を背負った",,"2022-11-7 10:00:00.000000","2022-11-7 10:00:00.000000"
899,1,11,"【一瞥】をくれる",,"2022-11-7 10:00:00.000000","2022-11-7 10:00:00.000000"
900,1,11,"【托鉢】の僧が訪れた",,"2022-11-7 10:00:00.000000","2022-11-7 10:00:00.000000"
